Company,Symbol,Industry,Offer Date,Shares (millions),Offer Price,1st Day Close,Current Price,Return,SCOOP Rating
Vine Hill Capital Investment Corp. II,VHCPU,Blank Check,12/18/2025,20.0,$10.00,$0.00,$0.00,0.00%,S/O
Andersen Group,ANDG,Consumer Services,12/17/2025,11.0,$16.00,$23.50,$23.79,48.69%,S/O
Medline Inc.,MDLN,Health Care,12/17/2025,216.0,$29.00,$41.00,$43.83,51.14%,S/O
Wealthfront Corp.,WLTH,Financials,12/12/2025,34.6,$14.00,$14.19,$8.49,-39.36%,S/O
Lumexa Imaging Holdings,LMRI,Health Care,12/11/2025,25.0,$18.50,$18.52,$14.80,-20.00%,S/O
Cardinal Infrastructure,CDNL,Other,12/10/2025,11.5,$21.00,$23.50,$29.82,42.00%,S/O
JM Group Ltd.,JMG,Consumer Goods,12/10/2025,3.8,$4.00,$5.60,$5.60,40.00%,S/O
"Regentis Biomaterials, Ltd.",RGNT,Health Care,12/4/2025,1.3,$8.00,$7.50,$7.50,-6.25%,S/O
SMJ International,SMJF,Consumer Goods,12/4/2025,2.5,$4.00,$4.51,$4.51,12.75%,S/O
Park Dental Partners,PARK,Health Care,12/3/2025,1.5,$13.00,$10.25,$10.25,-21.15%,S/O
Central Bancompany (Uplisting),CBC,Financials,11/20/2025,17.8,$21.00,$22.97,$22.97,9.38%,S/O
"Gloo Holdings, Inc.",GLOO,Technology,11/19/2025,9.1,$8.00,$8.10,$8.10,1.25%,S/O
WeShop Holdings (NASDAQ Direct Listing),WSHP,Consumer Services,11/14/2025,4.0,$20.02,$30.21,$30.21,50.90%,S/O
"Caring Brands, Inc. (Uplisting)",CABR,Consumer Goods,11/13/2025,1.0,$4.00,$1.39,$1.39,56.56%,S/O
Off the Hook YS,OTH,Consumer Goods,11/13/2025,3.8,$4.00,$3.80,$3.80,-5.00%,S/O
Phaos Technology (Cayman) Holdings Ltd.,POAS,Industrials,11/13/2025,3.6,$4.00,$3.85,$3.85,0.00%,S/O
"BillionToOne, Inc.",BLLN,Health Care,11/6/2025,4.6,$60.00,$108.94,$73.51,22.51%,S/O
Evommune,EVMN,Health Care,11/6/2025,9.4,$16.00,$20.23,$26.50,65.63%,S/O
Grupo Aeromexico,AERO,Other,11/6/2025,11.7,$19.00,$20.35,$15.72,-17.26%,S/O
Elauwit Connection,ELWT,Technology,11/5/2025,1.7,$9.00,$7.20,$7.20,-20.00%,S/O
Exzeo Group,XZO,Financials,11/5/2025,8.0,$21.00,$21.01,$15.45,-26.43%,S/O
Functional Brands (Direct Listing),MEHA,Health Care,11/5/2025,0.0,$8.00,$2.75,$2.75,-65.63%,S/O
BETA Technologies,BETA,Industrials,11/4/2025,29.9,$34.00,$36.00,$19.27,-43.32%,S/O
Cantor Equity Partners V (Stock-Only SPAC),CEPV,Blank Check,11/4/2025,22.0,$10.00,$10.30,$10.30,3.00%,S/O
Westin Acquisition,WSTNU,Blank Check,11/4/2025,5.0,$10.00,$10.03,$10.03,0.03%,S/O
Boyd Group Services (Uplisting),BGSI,Consumer Services,10/31/2025,5.5,$141.00,$0.00,$0.00,0.00%,S/O
Nomadar Corp. (Direct Listing),NOMA,Consumer Services,10/31/2025,13.3,$30.00,$21.00,$21.00,-30.00%,S/O
"Navan, Inc.",NAVN,Technology,10/30/2025,36.9,$25.00,$20.00,$15.60,-37.60%,S/O
"MapLight Therapeutics, Inc.",MPLT,Health Care,10/27/2025,14.8,$17.00,$18.34,$18.51,8.88%,S/O
Agencia Comercial Spirits,AGCC,Consumer Goods,10/22/2025,1.8,$4.00,$6.05,$6.05,51.25%,S/O
Texxon Holding (New Filing),NPT,Basic Materials,10/22/2025,1.9,$5.00,$4.91,$4.91,-1.80%,S/O
Ambitions Enterprise Management,AHMA,Other,10/21/2025,1.5,$4.00,$4.65,$4.65,16.25%,S/O
Bgin Blockchain Ltd.,BGIN,Financials,10/21/2025,5.0,$6.00,$4.96,$4.96,-17.33%,S/O
Charming Medical Ltd.,MCTA,Health Care,10/21/2025,1.6,$4.00,$7.00,$7.00,75.00%,S/O
Acco Group Holdings Ltd.,ACCL,Consumer Services,10/17/2025,1.4,$4.00,$4.05,$4.05,1.25%,S/O
Aptera Motors (Direct Listing),SEV,Consumer Goods,10/16/2025,31.7,$0.00,$0.00,$0.00,0.00%,S/O
OBOOK Holdings (Direct Listing),OWLS,Financials,10/16/2025,4.7,$68.00,$55.55,$55.55,0.00%,S/O
Smart Logistics Global Ltd.,SLGB,Other,10/15/2025,1.0,$5.00,$5.28,$3.63,-27.40%,S/O
TechCreate Group,TCGL,Technology,10/15/2025,2.6,$4.00,$4.93,$4.00,0.00%,S/O
Republic Power Group Ltd. (Revived),RPGL,Technology,10/14/2025,2.1,$4.00,$4.98,$1.31,-67.25%,S/O
Alliance Laundry Holdings Inc.,ALH,Industrials,10/9/2025,37.6,$22.00,$24.82,$20.76,-5.64%,S/O
"Leifras Co., Ltd.",LFS,Other,10/9/2025,1.3,$4.00,$3.11,$3.11,-22.25%,S/O
One and One Green Technologies,YDDL,Basic Materials,10/9/2025,2.0,$5.00,$5.42,$5.42,8.40%,S/O
Phoenix Education Partners,PXED,Consumer Services,10/9/2025,4.3,$32.00,$38.15,$30.31,-5.28%,S/O
PomDoctor,POM,Health Care,10/8/2025,5.0,$4.00,$4.03,$4.03,0.75%,S/O
Turn Therapeutics (Direct Listing),TTRX,Health Care,10/8/2025,17.9,$10.00,$7.00,$7.00,-30.00%,S/O
CCH Holdings Ltd.,CCHH,Consumer Services,10/3/2025,1.3,$4.00,$4.44,$4.44,11.00%,S/O
Commercial Bancgroup,CBK,Financials,10/2/2025,7.2,$24.00,$24.00,$24.00,0.00%,S/O
Agroz Inc.,AGRZ,Other,10/1/2025,1.3,$4.00,$3.12,$3.12,-22.00%,S/O
Fermi Inc.,FRMI,Financials,10/1/2025,32.5,$21.00,$32.53,$8.01,-61.82%,S/O
Neptune Insurance Holdings,NP,Financials,10/1/2025,18.4,$20.00,$24.80,$20.30,1.50%,S/O
Knorex Ltd.,KNRX,Technology,9/29/2025,3.0,$4.00,$3.20,$3.20,-20.00%,S/O
American Exceptionalism Acquisition Corp. A (Stock Only),AEXA,Blank Check,9/26/2025,30.0,$10.00,$0.00,$0.00,0.00%,S/O
Megan Holdings Ltd.,MGN,Other,9/26/2025,1.3,$4.00,$0.00,$0.00,0.00%,S/O
Pattern Group Inc.,PTRN,Consumer Goods,9/19/2025,21.4,$14.00,$15.63,$10.80,-22.86%,S/O
Platinum Analytics Cayman Ltd.,PLTS,Technology,9/19/2025,2.0,$4.00,$0.00,$0.00,0.00%,S/O
"Netskope, Inc.",NTSK,Technology,9/18/2025,47.8,$19.00,$22.49,$11.29,-40.58%,S/O
StubHub Holdings,STUB,Consumer Services,9/17/2025,34.0,$23.50,$22.00,$8.35,-64.47%,S/O
WaterBridge Infrastructure LLC,WBI,Oil & Gas,9/17/2025,31.7,$20.00,$22.83,$25.23,26.15%,S/O
ChowChow Cloud International Holdings,CHOW,Technology,9/16/2025,2.6,$4.00,$12.61,$12.61,215.25%,S/O
"Black Rock Coffee Bar, Inc.",BRCB,Consumer Services,9/12/2025,14.7,$20.00,$27.53,$16.63,-16.85%,S/O
"Gemini Space Station, Inc.",GEMI,Financials,9/12/2025,15.2,$28.00,$32.00,$8.94,-68.07%,S/O
"Hang Feng Technology Innovation Co., Ltd.",FOFO,Financials,9/12/2025,1.4,$4.00,$12.35,$12.35,208.75%,S/O
Legence Corp.,LGN,Other,9/12/2025,26.0,$28.00,$30.50,$50.41,124.94%,S/O
"Via Transportation, Inc.",VIA,Technology,9/12/2025,10.7,$46.00,$49.51,$19.04,-58.61%,S/O
LB Pharmaceuticals,LBRX,Health Care,9/11/2025,19.0,$15.00,$17.30,$23.78,58.53%,S/O
Klarna Group plc,KLAR,Financials,9/10/2025,34.3,$40.00,$45.82,$13.75,-65.63%,S/O
Fitness Champs Holdings Ltd. (New),FCHL,Consumer Services,9/4/2025,3.8,$4.00,$4.25,$4.25,6.25%,S/O
"Picard Medical, Inc.",PMI,Health Care,8/29/2025,4.3,$4.00,$4.59,$1.68,-58.00%,S/O
GrowHub Limited (The),TGHL,Technology,8/28/2025,3.7,$4.00,$3.38,$0.40,-90.00%,S/O
TryHard Holdings Limited,THH,Consumer Services,8/28/2025,1.5,$4.00,$6.02,$29.47,636.75%,S/O
Curanex Pharmaceuticals,CURX,Health Care,8/26/2025,3.8,$4.00,$4.02,$0.37,-90.75%,S/O
"Cantor Equity Partners IV, Inc. (Stock-Only SPAC)",CEPF,Blank Check,8/21/2025,40.0,$10.00,$10.12,$10.12,1.20%,S/O
"Elite Express Holding, Inc.",ETS,Other,8/21/2025,3.8,$4.00,$3.50,$0.53,-86.75%,S/O
Yimutian,YMT,Other,8/19/2025,5.0,$4.10,$2.80,$1.64,-60.00%,S/O
NusaTrip Inc.,NUTR,Consumer Services,8/15/2025,3.8,$4.00,$3.91,$9.00,125.00%,S/O
Propanc Biopharma (NASDAQ Uplisting),PPCB,Health Care,8/15/2025,1.0,$4.00,$0.00,$0.46,-88.50%,S/O
BUUU Group Limited,BUUU,Other,8/14/2025,1.5,$4.00,$4.00,$9.59,139.75%,S/O
"Miami International Holdings, Inc. (Priced)",MIAX,Financials,8/14/2025,15.0,$23.00,$30.74,$42.23,83.61%,S/O
rYojbaba Co. Ltd.,RYOJ,Health Care,8/14/2025,1.3,$4.00,$2.90,$2.90,-27.50%,S/O
Bullish (Priced),BLSH,Financials,8/13/2025,30.0,$37.00,$68.00,$27.45,-25.81%,S/O
Nasus Pharma Ltd.,NSRX,Health Care,8/13/2025,1.3,$8.00,$8.25,$7.10,-11.25%,S/O
Magnitude International Ltd.,MAGH,Other,8/12/2025,2.2,$4.00,$4.06,$4.06,1.50%,S/O
Avidbank Holdings (Uplisting – NASDAQ),AVBH,Financials,8/8/2025,2.6,$23.00,$23.25,$23.25,1.09%,S/O
DarkIris,DKI,Consumer Services,8/8/2025,1.5,$4.00,$5.48,$5.48,37.00%,S/O
Etoiles Capital Group,EFTY,Other,8/8/2025,1.4,$4.00,$4.88,$4.88,22.00%,S/O
"Heartflow, Inc.",HTFL,Health Care,8/8/2025,16.7,$19.00,$28.75,$28.75,51.32%,S/O
Firefly Aerospace Inc.,FLY,Industrials,8/7/2025,19.3,$45.00,$60.35,$50.17,11.49%,S/O
"WhiteFiber, Inc.",WYFI,Technology,8/7/2025,9.4,$17.00,$16.22,$15.30,-10.00%,S/O
CTW Cayman,CTW,Technology,8/6/2025,2.4,$5.00,$4.44,$2.75,-45.00%,S/O
HCM III Acquisition Corp.,HCMAU,Blank Check,8/1/2025,22.0,$10.00,$10.09,$10.10,1.00%,S/O
Figma,FIG,Technology,7/31/2025,36.9,$33.00,$115.50,$37.33,13.12%,S/O
"Shoulder Innovations, Inc.",SI,Health Care,7/31/2025,5.0,$15.00,$15.05,$14.39,-4.07%,S/O
Ambiq Micro,AMBQ,Technology,7/30/2025,4.0,$24.00,$38.70,$33.34,38.92%,S/O
"J-Star Holding Co., Ltd.",YMAT,Consumer Goods,7/30/2025,1.3,$4.00,$4.08,$4.08,2.00%,S/O
Accelerant Holdings,ARX,Financials,7/24/2025,34.5,$21.00,$26.51,$15.80,-24.76%,S/O
"Linkhome Holdings, Inc.",LHAI,Financials,7/24/2025,1.5,$4.00,$5.63,$10.31,157.75%,S/O
McGraw Hill,MH,Other,7/24/2025,24.4,$17.00,$17.01,$15.87,-6.65%,S/O
"Carlsmed, Inc.",CARL,Health Care,7/23/2025,6.7,$15.00,$14.50,$12.69,-15.40%,S/O
"Cre8 Enterprise, Ltd.",CRE,Other,7/23/2025,1.5,$4.00,$4.40,$4.35,8.75%,S/O
Dreamland Ltd.,TDIC,Consumer Services,7/23/2025,2.0,$4.00,$4.38,$3.75,-6.25%,S/O
NIQ Global Intelligence,NIQ,Technology,7/23/2025,50.0,$21.00,$19.01,$17.56,-16.38%,S/O
Majestic Ideal Holdings (Refiled),MJID,Industrials,7/18/2025,2.5,$6.00,$3.30,$3.30,-45.00%,S/O
"Robot Consulting Co., Ltd.",LAWR,Technology,7/17/2025,3.8,$4.00,$0.00,$0.00,0.00%,S/O
Aura Minerals (NASDAQ Uplisting),AUGO,Basic Materials,7/16/2025,8.1,$24.25,$24.25,$24.25,0.00%,S/O
K-TECH SOLUTIONS CO LTD,KMRK,Industrials,7/16/2025,1.6,$4.00,$4.95,$4.95,23.75%,S/O
Mega Fortune Co. Ltd.,MGRT,Technology,7/16/2025,3.8,$4.00,$3.81,$3.81,-4.75%,S/O
Almonty Industries Inc. (NASDAQ Uplisting),ALM,Basic Materials,7/14/2025,20.0,$4.50,$4.77,$4.77,6.00%,S/O
Bluemount Holdings Limited,BMHL,Financials,7/11/2025,1.4,$4.00,$4.00,$4.00,0.00%,S/O
Delixy Holdings Ltd.,DLXY,Oil & Gas,7/9/2025,2.0,$4.00,$4.95,$4.95,23.75%,S/O
Masonglory Ltd.,MSGY,Other,7/8/2025,1.5,$4.00,$4.27,$4.27,6.75%,S/O
Rich Sparkle Holdings Ltd.,ANPA,Other,7/8/2025,1.3,$4.00,$3.52,$3.52,-12.00%,S/O
Ten-League International Holdings Ltd.,TLIH,Other,7/8/2025,2.2,$4.00,$3.73,$3.73,-6.75%,S/O
MaxsMaking,MAMK,Industrials,7/7/2025,1.6,$4.00,$3.69,$3.69,-7.75%,S/O
"CapsoVision, Inc.",CV,Health Care,7/2/2025,5.5,$5.00,$3.50,$3.50,-30.00%,S/O
"CoastalSouth Bancshares, Inc. (NYSE Uplisting)",COSO,Financials,7/2/2025,2.0,$21.50,$21.50,$21.50,0.00%,S/O
Empro Group,EMPG,Industrials,7/2/2025,1.4,$4.00,$4.35,$4.35,8.75%,S/O
Grande Group,GRAN,Financials,7/1/2025,1.9,$5.00,$4.60,$4.91,4.91%,S/O
"Cantor Equity Partners III, Inc. (Stock-Only SPAC)",CAEP,Blank Check,6/26/2025,24.0,$10.00,$10.50,$10.50,5.00%,S/O
Jefferson Capital,JCAP,Financials,6/26/2025,10.0,$15.00,$18.54,$18.54,23.56%,S/O
Julong Holding Ltd.,JLHL,Industrials,6/26/2025,1.3,$4.00,$4.23,$4.23,5.75%,S/O
Kandal M. Venture Ltd.,FMFC,Consumer Goods,6/25/2025,2.0,$4.00,$4.40,$4.40,10.00%,S/O
Happy City Holdings Limited,HCHL,Consumer Services,6/24/2025,1.1,$5.00,$5.00,$5.00,0.00%,S/O
"Caris Life Sciences, Inc.",CAI,Health Care,6/18/2025,23.5,$21.00,$28.00,$27.25,29.76%,S/O
Enigmatig Limited,EGG,Other,6/18/2025,2.9,$5.00,$6.53,$6.53,-6.60%,S/O
Slide Insurance Holdings Inc.,SLDE,Financials,6/18/2025,24.0,$17.00,$20.25,$23.30,37.06%,S/O
Jyong Biotech Ltd. (Revived IPO),MENS,Health Care,6/17/2025,2.7,$7.50,$10.11,$8.01,6.80%,S/O
AIRO Group Holdings,AIRO,Other,6/13/2025,6.0,$10.00,$24.00,$22.04,120.40%,S/O
"Chime Financial, Inc.",CHYM,Financials,6/12/2025,32.0,$27.00,$37.11,$29.53,9.37%,S/O
Vantage Corp. (Singapore),VNTG,Oil & Gas,6/12/2025,3.3,$4.00,$3.80,$3.85,-3.75%,S/O
Ategrity Specialty Holdings,ASIC,Financials,6/11/2025,6.7,$17.00,$24.74,$22.57,32.76%,S/O
"Voyager Technologies, Inc.",VOYG,Other,6/11/2025,12.4,$31.00,$57.13,$44.70,44.19%,S/O
707 Cayman Holdings Ltd.,JEM,Consumer Goods,6/9/2025,2.5,$4.00,$3.85,$6.27,56.75%,S/O
Omada Health,OMDA,Health Care,6/6/2025,7.9,$19.00,$23.00,$15.20,-0.20%,S/O
Circle Internet Corp.,CRCL,Financials,6/5/2025,34.0,$31.00,$83.23,$240.28,675.10%,S/O
Pitanium Ltd.,PTNM,Consumer Goods,5/30/2025,1.8,$4.00,$3.80,$3.80,-0.50%,S/O
Jena Acquisition Corp. II,JENA.U,Blank Check,5/29/2025,20.0,$10.00,$0.00,$0.00,0.00%,S/O
Fast Track Group (New IPO Filing),FTRK,Other,5/23/2025,3.8,$4.00,$0.00,$0.00,0.00%,S/O
"Hinge Health, Inc.",HNGE,Health Care,5/22/2025,13.7,$32.00,$37.56,$37.56,17.38%,S/O
"MNTN, Inc.",MNTN,Consumer Services,5/22/2025,11.7,$16.00,$26.36,$26.36,64.75%,S/O
OFA Group,OFAL,Other,5/21/2025,3.8,$4.00,$0.00,$0.00,0.00%,S/O
Arrive AI (NASDAQ Direct Listing),ARAI,Other,5/15/2025,30.0,$13.00,$0.00,$0.00,0.00%,S/O
Antalpha Platform Holding Ltd.,ANTA,Financials,5/14/2025,3.9,$12.80,$16.38,$16.38,27.97%,S/O
eToro Group Ltd.,ETOR,Financials,5/14/2025,11.9,$52.00,$67.00,$67.00,28.85%,S/O
"OMS Energy Technologies, Inc.",OMSE,Oil & Gas,5/13/2025,3.7,$9.00,$7.51,$7.51,-16.56%,S/O
Apimeds Pharmaceuticals US,APUS,Health Care,5/9/2025,3.4,$4.00,$2.20,$2.20,-45.00%,S/O
"American Integrity Insurance Group, Inc.",AII,Financials,5/8/2025,6.9,$16.00,$16.90,$16.90,5.62%,S/O
Aspen Insurance Holdings Ltd.,AHL,Financials,5/8/2025,13.3,$30.00,$32.50,$32.50,8.33%,S/O
Cantor Equity Partners II (Stock-Only SPAC),CEPT,Blank Check,5/2/2025,24.0,$10.00,$11.08,$11.08,10.80%,S/O
Smart Digital Group Limited,SDM,Consumer Services,5/2/2025,1.5,$4.00,$6.11,$6.11,52.75%,S/O
Yuanbao Inc.,YB,Financials,4/30/2025,2.0,$15.00,$0.00,$0.00,0.00%,S/O
Phoenix Asia Holdings Ltd.,PHOE,Other,4/25/2025,1.6,$4.00,$0.00,$0.00,0.00%,S/O
Concorde International Group,CIGL,Other,4/22/2025,1.3,$4.00,$4.21,$4.21,5.25%,S/O
Pinnacle Food Group Ltd.,PFAI,Consumer Goods,4/22/2025,1.8,$4.00,$3.35,$3.35,-16.25%,S/O
TMD Energy Ltd.,TMDE,Oil & Gas,4/21/2025,3.1,$3.25,$3.63,$3.63,11.69%,S/O
Chagee Holdings Ltd.,CHA,Consumer Goods,4/17/2025,14.7,$28.00,$32.44,$32.44,15.86%,S/O
Everbright Digital Holdings Ltd.,EDHL,Consumer Services,4/17/2025,1.5,$4.00,$4.20,$4.20,5.00%,S/O
Haoxin Holdings Ltd,HXHX,Industrials,4/15/2025,1.8,$4.00,$3.11,$3.11,-22.25%,S/O
"Aether Holdings, Inc.",ATHR,Technology,4/10/2025,1.8,$4.30,$5.75,$5.75,33.72%,S/O
Cuprina Holdings (Cayman) Ltd. (New Filing),CUPR,Health Care,4/10/2025,3.0,$4.00,$4.15,$4.15,3.75%,S/O
iOThree Ltd.,IOTR,Technology,4/10/2025,2.1,$4.00,$3.55,$3.55,-11.25%,S/O
MasterBeef Group,MB,Consumer Services,4/10/2025,2.0,$4.00,$4.10,$4.10,2.50%,S/O
Tianci International (NASDAQ Uplisting),CIIT,Other,4/10/2025,1.8,$4.00,$2.60,$2.60,-35.00%,S/O
FatPipe,FATN,Technology,4/8/2025,0.7,$5.75,$13.00,$13.00,126.09%,S/O
Ruanyun Edai Technology Inc.,RYET,Technology,4/8/2025,3.8,$4.00,$4.51,$4.51,12.75%,S/O
BeLive Holdings,BLIV,Technology,4/4/2025,2.5,$4.00,$3.54,$3.54,-11.50%,S/O
Lianhe Sowell International Group,LHSW,Industrials,4/3/2025,2.0,$4.00,$4.29,$4.29,7.25%,S/O
"SmartStop Self Storage REIT, Inc.",SMA,Financials,4/2/2025,27.0,$30.00,$32.75,$32.75,9.17%,S/O
Top Win International Ltd.,TOPW,Consumer Goods,4/2/2025,2.7,$4.00,$3.83,$3.83,-4.25%,S/O
Energys Group Ltd.,ENGS,Industrials,4/1/2025,2.3,$4.50,$4.95,$4.95,10.00%,S/O
Waton Financial Ltd.,WTF,Financials,4/1/2025,4.4,$4.00,$19.85,$19.85,396.25%,S/O
WF International (China),WXM,Industrials,4/1/2025,1.4,$4.00,$4.25,$4.25,7.25%,S/O
"CoreWeave, Inc.",CRWV,Technology,3/28/2025,37.5,$40.00,$40.00,$52.57,31.43%,S/O
Intercont (Cayman) Limited,NCT,Other,3/28/2025,1.5,$7.00,$6.85,$6.85,-2.14%,S/O
Aeluma Inc. (NASDAQ Uplisting),ALMU,Technology,3/27/2025,2.3,$5.25,$6.51,$6.51,0.00%,S/O
WF Holding Ltd. (Malaysia),WFF,Industrials,3/27/2025,2.0,$4.00,$3.75,$3.75,-6.25%,S/O
Epsium Enterprise Ltd.,EPSM,Consumer Goods,3/26/2025,1.3,$4.00,$4.82,$4.82,20.25%,S/O
NeOnc Technologies Holdings (Direct Listing),NTHI,Health Care,3/26/2025,2.1,$25.00,$12.11,$12.11,-51.56%,S/O
LogProStyle Inc. (Kabushiki Kaisha LogProstyle),LGPS,Other,3/25/2025,2.0,$5.00,$3.70,$3.70,-26.00%,S/O
Baiya International Group,BIYA,Technology,3/21/2025,2.5,$4.00,$4.18,$4.18,4.50%,S/O
RedCloud Holdings plc,RCT,Consumer Services,3/21/2025,4.4,$4.50,$4.50,$4.50,0.00%,S/O
"Marwynn Holdings, Inc.",MWYN,Consumer Goods,3/13/2025,2.0,$4.00,$0.00,$0.00,0.00%,S/O
Micropolis Holding Co.,MCRP,Technology,3/7/2025,3.9,$4.00,$3.55,$3.55,-11.25%,S/O
Sagtec Global Ltd.,SAGT,Technology,3/7/2025,1.8,$4.00,$3.60,$3.60,-10.00%,S/O
Advanced Biomed Inc.,ADVB,Health Care,3/6/2025,1.6,$4.00,$3.65,$3.65,-8.75%,S/O
"Brag House Holdings, Inc.",TBH,Consumer Goods,3/6/2025,1.5,$4.00,$4.30,$4.30,8.75%,S/O
Capstone Holding Corp. (Uplisting),CAPS,Basic Materials,3/6/2025,1.3,$4.00,$3.90,$3.90,-2.50%,S/O
"Kestra Medical Technologies, Ltd.",KMTS,Health Care,3/6/2025,11.9,$17.00,$21.84,$20.99,23.47%,S/O
Skycorp Solar Group Ltd.,PN,Technology,3/4/2025,2.0,$4.00,$4.03,$4.03,0.30%,S/O
Luda Technology Group Ltd.,LUD,Industrials,2/27/2025,2.5,$4.00,$4.00,$4.00,0.00%,S/O
LZ Technology Holdings Ltd.,LZMH,Technology,2/27/2025,1.8,$4.00,$5.00,$16.53,313.25%,S/O
Webus International Ltd.,WETO,Consumer Services,2/27/2025,2.0,$4.00,$3.60,$3.60,-10.00%,S/O
STAK Inc.,STAK,Oil & Gas,2/26/2025,1.3,$4.00,$3.73,$3.73,-6.75%,S/O
Basel Medical Group,BMGL,Health Care,2/25/2025,2.2,$4.00,$4.44,$4.14,3.50%,S/O
Wellgistics Health,WGRX,Health Care,2/21/2025,0.9,$4.50,$3.81,$2.76,-38.67%,S/O
Anbio Biotechnology Limited,NNNN,Health Care,2/19/2025,1.6,$5.00,$5.77,$6.36,27.20%,S/O
Northpointe Bancshares Inc.,NPB,Financials,2/14/2025,10.4,$14.50,$14.50,$14.35,-1.04%,S/O
Aardvark Therapeutics,AARD,Health Care,2/13/2025,5.9,$16.00,$14.31,$13.65,-14.69%,S/O
Karman Holdings,KRMN,Industrials,2/13/2025,23.0,$22.00,$30.05,$30.14,37.00%,S/O
"SailPoint Parent, LP",SAIL,Technology,2/13/2025,60.0,$23.00,$22.00,$24.06,4.61%,S/O
TEN Holdings,XHLD,Technology,2/13/2025,1.7,$6.00,$6.80,$1.30,-78.33%,S/O
Aureus Greenway Holdings,AGH,Consumer Services,2/12/2025,3.8,$4.00,$3.88,$4.95,23.75%,S/O
Odysight.AI (Uplisting),ODYS,Technology,2/11/2025,3.3,$6.50,$6.50,$6.50,0.00%,S/O
Sionna Therapeutics,SION,Health Care,2/7/2025,10.6,$18.00,$25.00,$15.52,-13.78%,S/O
Titan America,TTAM,Industrials,2/7/2025,24.0,$16.00,$16.70,$15.80,-1.25%,S/O
EPWK Holdings Ltd.,EPWK,Technology,2/6/2025,2.8,$4.10,$4.11,$4.52,10.24%,S/O
FBS Global Ltd. (New Filing December 2024),FBGL,Industrials,2/6/2025,2.3,$4.50,$3.45,$0.97,-78.44%,S/O
Callan JMB Inc.,CJMB,Other,2/5/2025,1.3,$4.00,$4.10,$1.35,-66.25%,S/O
"Huachen AI Parking Management Technology Holding Co., Ltd.",HCAI,Other,2/5/2025,1.5,$4.00,$3.84,$4.25,6.25%,S/O
Plutus Financial Group,PLUT,Financials,2/5/2025,2.1,$4.00,$4.00,$4.08,2.00%,S/O
Infinity Natural Resources,INR,Oil & Gas,1/31/2025,13.3,$20.00,$21.37,$15.21,-23.95%,S/O
Maze Therapeutics,MAZE,Health Care,1/31/2025,8.8,$16.00,$15.95,$15.55,-2.81%,S/O
Metsera Inc.,MTSR,Health Care,1/31/2025,15.3,$18.00,$26.50,$36.78,104.33%,S/O
"Beta Bionics, Inc.",BBNX,Health Care,1/30/2025,12.0,$17.00,$23.63,$16.43,-3.35%,S/O
Smithfield Foods Inc.,SFD,Consumer Goods,1/28/2025,26.1,$20.00,$19.75,$20.60,3.00%,S/O
Ascentage Pharma Group International (Uplisting),AAPG,Health Care,1/24/2025,7.3,$17.25,$17.38,$20.67,19.83%,S/O
"Venture Global, Inc.",VG,Oil & Gas,1/24/2025,70.0,$25.00,$24.00,$14.20,-43.20%,S/O
Skyline Builders Group Holding Ltd.,SKBL,Other,1/23/2025,1.5,$4.00,$4.66,$9.18,129.50%,S/O
CTRL Group Ltd.,MCTR,Other,1/22/2025,2.0,$4.00,$4.33,$6.54,63.50%,S/O
Decent Holding Inc.,DXST,Other,1/22/2025,1.3,$4.00,$0.00,$0.00,0.00%,S/O
Diginex Ltd.,DGNX,Technology,1/22/2025,2.3,$4.10,$7.50,$3.08,-24.88%,S/O
Toppoint Holdings Inc.,TOPP,Other,1/22/2025,2.5,$4.00,$3.75,$2.21,-44.75%,S/O
Flowco Holdings Inc.,FLOC,Oil & Gas,1/16/2025,17.8,$24.00,$29.70,$26.44,10.17%,S/O
PicoCELA,PCLA,Industrials,1/16/2025,1.8,$4.00,$2.84,$8.38,109.50%,S/O
Hong Kong Pharma Digital Technology Holdings Limited,HKPD,Health Care,1/15/2025,1.5,$4.00,$2.82,$1.73,-56.75%,S/O
Uni-Fuels Holdings Limited,UFG,Oil & Gas,1/14/2025,2.1,$4.00,$4.00,$4.35,8.75%,S/O
Mint Inc. Ltd.,MIMI,Other,1/10/2025,1.8,$4.00,$4.11,$5.30,32.50%,S/O
3 E Network Technology Group Limited,MASK,Technology,1/8/2025,1.3,$4.00,$3.25,$2.75,-31.25%,S/O
"Cantor Equity Partners I, Inc. (Stock-Only SPAC)",CEPO,Blank Check,1/7/2025,20.0,$10.00,$10.05,$10.10,1.00%,S/O
Zhengye Biotechnology Holding Limited,ZYBT,Health Care,1/7/2025,1.5,$4.00,$4.86,$4.22,5.50%,S/O
INLIF Ltd.,INLF,Industrials,1/2/2025,2.0,$4.00,$4.45,$1.96,-51.00%,S/O
