Date,Ticker,Close,growth_252d,volatility,Sharpe
2026-09-11,AAPG,16.100000381469727,0.41548388081212195,14.606010160882644,0.025022841747087743
2026-09-11,AARD,5.130000114440918,0.6412500143051147,12.733710219935055,0.04643187288646578
2026-09-11,ADVB,8.1899995803833,0.8206412781606278,13.681033335546525,0.056329171873174336
2026-09-11,AII,25.93000030517578,1.4117838382447458,36.7374537675862,0.0370679973320922
2026-09-11,AIRO,7.25,0.3733264660925567,14.364497086436204,0.022508721617400754
2026-09-11,ALM,15.489999771118164,3.4808989741678547,36.39903903691116,0.09425795474129645
2026-09-11,AMBQ,63.52000045776367,1.8127853538273149,58.253793855262145,0.030260438628377507
2026-09-11,ANPA,2.619999885559082,0.05695651925128439,7.885747937123373,0.0008821635318237227
2026-09-11,ANTA,3.7249999046325684,0.3030919378514734,4.338968204897884,0.05832998212934125
2026-09-11,APUS,2.1050000190734863,0.10420791780045319,15.672369112060464,0.003458820897648346
2026-09-11,ARX,19.84000015258789,1.0096692385621444,54.40837842201569,0.017638262091152965
2026-09-11,ASIC,27.469999313354492,1.2994323607599367,18.74596834539859,0.06665072391774436
2026-09-11,ATHR,3.4600000381469727,0.6757812725554692,5.983162164800357,0.10459039138818828
2026-09-11,AVBH,31.56999969482422,1.2327215518325143,8.35890650704834,0.14149237712315932
2026-09-11,BBNX,16.56999969482422,0.6662645410403202,34.49660205726385,0.017864499814136188
2026-09-11,BIYA,2.2200000286102295,0.013175074353769908,4.742620400540175,-0.0077646791301356965
2026-09-11,BLIV,2.25,0.5930416587146674,1.8078980111972531,0.3003718436279745
2026-09-11,BLSH,35.119998931884766,0.6674268271526707,77.12631994934819,0.008005397217942701
2026-09-11,BMGL,4.579999923706055,0.18527508296619571,6.693625101763641,0.02020953980983389
2026-09-11,BUUU,39.5,5.930931066815054,69.79238961561245,0.08426321407254837
2026-09-11,CAI,24.34000015258789,0.7287424862459612,52.50504938193421,0.012927184989554566
2026-09-11,CAPS,0.18000000715255737,0.15384616560249448,0.6135436717022916,0.16925635515785012
2026-09-11,CARL,14.729999542236328,1.0830881712552192,19.762228626323495,0.05227589412052115
2026-09-11,CEPF,10.354999542236328,1.0242334217486615,0.35158264549324986,2.770994058543103
2026-09-11,CEPO,10.755000114440918,1.0311600958538667,0.7952583126524035,1.2337627664417992
2026-09-11,CHA,12.239999771118164,0.7680401531799245,12.432593421769038,0.057754655752086374
2026-09-11,CHYM,33.0,1.4187446120066693,46.85673033883459,0.02921127022967417
2026-09-11,CIGL,0.4399999976158142,,,
2026-09-11,CIIT,2.75,0.043699348270523075,5.478406923960489,-0.0011500883043061752
2026-09-11,CJMB,2.299999952316284,0.4581673229193491,5.880502574437486,0.06941027875638561
2026-09-11,CRCL,90.5999984741211,0.7969038308431269,206.32107412952539,0.0036201044124762136
2026-09-11,CRE,2.759999990463257,0.3285714423575375,15.168504814382578,0.018365122058266396
2026-09-11,CRWV,88.98999786376953,0.7596892464354367,126.93528973673757,0.005590953058895793
2026-09-11,CTW,2.3399999141693115,1.1641790672993972,2.5904236217063845,0.4301146183053474
2026-09-11,CUPR,3.1500000953674316,0.2430555621987344,2.7798039101697443,0.06944934550687273
2026-09-11,CURX,4.550000190734863,0.029241645322995013,6.245544086048223,-0.0033237063722561175
2026-09-11,CV,6.599999904632568,1.8181817345890308,6.754878202767447,0.26176367382384685
2026-09-11,DGNX,1.3700000047683716,0.01620151424222859,2.4090834302853503,-0.014029603679507298
2026-09-11,DKI,2.6600000858306885,0.4971962865882283,8.418443657745353,0.05312101675430081
2026-09-11,DLXY,0.41200000047683716,0.07700934725626557,0.3839418380060641,0.07034749689310747
2026-09-11,EDHL,4.420000076293945,0.3364799165738233,2.1746742413589097,0.13173463460661025
2026-09-11,EFTY,15.020000457763672,2.106591895748017,0.0,inf
2026-09-11,EGG,2.859999895095825,0.5070921919858045,4.831548815064549,0.09460572778662855
2026-09-11,ENGS,2.9200000762939453,0.4842454352728374,1.8934054061246872,0.22934625298320338
2026-09-11,EPSM,1.3600000143051147,0.03365503636328794,1.0237880655361598,-0.015965182821458437
2026-09-11,ETOR,30.350000381469727,0.7119399395035382,43.267291689391854,0.015298853097981877
2026-09-11,ETS,1.5,1.5592515391567194,2.868436347574345,0.5261582814738064
2026-09-11,FATN,5.610000133514404,0.8927435081207631,6.2775277108244545,0.1342476763053718
2026-09-11,FBGL,0.375,0.57692309808449,0.8380176866754224,0.6287732424537428
2026-09-11,FIG,23.200000762939453,0.4543674136106691,32.47775501384519,0.012450596213878954
2026-09-11,FLOC,20.709999084472656,1.3258088600215356,16.347653329543448,0.07804232413687757
2026-09-11,FLY,21.1299991607666,0.4940378521069446,35.586739030168445,0.012477621277142427
2026-09-11,FMFC,0.1979999989271164,0.018316372917785425,1.0010252784215674,-0.03165117581463459
2026-09-11,GRAN,1.0399999618530273,0.25120772835576755,2.2471886009915196,0.08953753515258547
2026-09-11,HCAI,2.240000009536743,0.09105690954476783,9.533545720704604,0.004306572889832787
2026-09-11,HCMAU,10.470000267028809,1.0345850183228922,0.1828273710289912,5.385326129131754
2026-09-11,HKPD,0.125,0.0899280584794469,1.923641867041391,0.020756492756553092
2026-09-11,HNGE,88.58999633789062,1.5774572040347488,74.1410208066799,0.0206020525131093
2026-09-11,HTFL,49.880001068115234,1.4898447356664286,153.35128717619108,0.009389192371187186
2026-09-11,HXHX,0.47099998593330383,0.4095652136505213,0.4773542508711693,0.7532460703854977
2026-09-11,INLF,3.2799999713897705,0.0010049019520189247,11.457569330662484,-0.004276220953502025
2026-09-11,INR,14.920000076293945,1.0619216991991782,15.647821016888138,0.06466853743451226
2026-09-11,IOTR,2.367000102996826,0.5260000228881836,3.0648836099360226,0.15530769956322085
2026-09-11,JCAP,21.3799991607666,1.244023308796045,14.956636577837621,0.0798323408195476
2026-09-11,JEM,4.010000228881836,0.029836312581757708,9.791614414025002,-0.002059281193646767
2026-09-11,JLHL,6.090000152587891,1.5037036705627596,16.029201424023952,0.09069096033592816
2026-09-11,KMRK,0.9079999923706055,0.5101123634635041,1.3541895360254765,0.3397695457121358
2026-09-11,KMTS,22.850000381469727,1.2561847009672742,25.124137420779352,0.04800899950378707
2026-09-11,KRMN,35.279998779296875,0.5670202199796451,144.4647744824059,0.0035788670409935266
2026-09-11,LGPS,0.8299999833106995,0.790587868865787,2.1190133995393547,0.3494965482647636
2026-09-11,LHAI,1.0399999618530273,0.12078977971230048,2.3194814552047354,0.03051965755253345
2026-09-11,LHSW,0.4819999933242798,0.012764830899089636,15.613484357066511,-0.00238480842900759
2026-09-11,LZMH,1.2599999904632568,0.01774647873891911,0.8033784027897056,-0.040147359138709204
2026-09-11,MAGH,6.760000228881836,5.451613045880002,1.287413224915221e-06,4195710.391460139
2026-09-11,MAMK,13.0,6.532663285276215,0.0,inf
2026-09-11,MASK,1.2300000190734863,0.07089337129854821,1.749636624801274,0.011941548892142849
2026-09-11,MAZE,24.600000381469727,1.5355805042781996,24.17370218598842,0.06145440581870297
2026-09-11,MB,4.329999923706055,0.41042652563255044,17.601410336730154,0.020477138975643443
2026-09-11,MCRP,0.8999999761581421,0.596026478041254,2.345136791464978,0.23283353023520556
2026-09-11,MENS,1.9900000095367432,0.036096498657382965,1.8518097505241278,-0.007508061418664554
2026-09-11,MGRT,120.42500305175781,33.638269725741374,131.11595851683313,0.25617224711383396
2026-09-11,MH,12.319999694824219,0.8520055091509535,12.452549840713306,0.06440492263912216
2026-09-11,MIAX,41.470001220703125,1.1265960248182267,25.602400850681235,0.04205058857945271
2026-09-11,MIMI,0.968999981880188,0.010766666465335422,7.885098691671423,-0.004975629991303025
2026-09-11,MNTN,11.829999923706055,0.6116856168754,17.907483351885332,0.031365971747016295
2026-09-11,MSGY,2.0799999237060547,0.01984732693832843,6.263846672018349,-0.004813762954378913
2026-09-11,NCT,7.5,0.008450704225352112,627.6981062245012,-6.61931195309158e-05
2026-09-11,NIQ,17.84000015258789,1.0402332681869033,46.475454875956984,0.021306585827504786
2026-09-11,NNNN,6.340000152587891,0.1383675293499413,23.86576488566488,0.0037026900153122595
2026-09-11,NPB,17.219999313354492,0.9550226695519689,3.2551564495214653,0.27802739548356104
2026-09-11,NSRX,3.4049999713897705,0.4261577057483765,5.122804433673906,0.07342808233626218
2026-09-11,NTHI,3.680000066757202,0.37059415444721466,10.357780586232852,0.030952012526055592
2026-09-11,NUTR,9.0,1.8,,
2026-09-11,OMDA,19.65999984741211,0.9110287264558891,27.695320230208488,0.03108932192510732
2026-09-11,OMSE,4.5,0.8152173941212025,2.888004897175521,0.26496402234968086
2026-09-11,PCLA,10.109999656677246,0.6891615272050712,19.597529830712023,0.03261439236099119
2026-09-11,PFAI,3.00600004196167,1.5989361965882936,4.318022180979781,0.3587142751167693
2026-09-11,PLUT,2.690000057220459,0.8996655681072172,2.2831365189943105,0.3721483849250867
2026-09-11,PMI,5.329999923706055,0.016450617048475478,32.64257376930422,-0.0010277799535241621
2026-09-11,PN,2.4000000953674316,0.1188118814218396,48.935707868553564,0.0014061691231007738
2026-09-11,PPCB,0.9210000038146973,0.021294797776062364,3.673212225334993,-0.007814741012226636
2026-09-11,RYET,0.7179999947547913,0.49517239389181483,1.6616354462927225,0.26791219150087325
2026-09-11,RYOJ,4.650000095367432,2.26829278220881,7.197245565747525,0.30821413024531313
2026-09-11,SAGT,0.5509999990463257,0.28402060968790516,1.1775763751837134,0.1987307274667392
2026-09-11,SAIL,17.239999771118164,0.8702675535533155,15.560111093841071,0.052716047373080124
2026-09-11,SFD,20.260000228881836,0.8804833887644913,22.8407691831922,0.03635969446141147
2026-09-11,SI,18.530000686645508,1.4544741773585736,20.452929471771178,0.06866860707152037
2026-09-11,SION,7.849999904632568,0.33446954129930023,276.4241374831694,0.0010291052868587525
2026-09-11,SLDE,24.84000015258789,1.8528476370822373,24.49755002332838,0.07359297706772441
2026-09-11,SMA,32.119998931884766,0.8909479644906012,11.796178016465495,0.07128986721943142
2026-09-11,STAK,1.1799999475479126,1.5465267756871799,3.9079160833828563,0.3829475208156782
2026-09-11,TDIC,2.25,0.004712041884816754,3.162447792394798,-0.01432053936956488
2026-09-11,TGHL,0.9470000267028809,0.4446009276161233,1.9214178976085639,0.20536965337277838
2026-09-11,THH,1.6699999570846558,0.02929824486113431,6.093872876755854,-0.0033971425984006608
2026-09-11,TLIH,5.75,0.9896729873716941,0.6485472601273984,1.448888994129908
2026-09-11,TMDE,0.7490000128746033,0.776165837544417,0.41467278585144357,1.7511779463737602
2026-09-11,TOPP,0.1599999964237213,0.0782396041342363,1.8560127458346254,0.015215199463265168
2026-09-11,TOPW,33.070350646972656,0.9899767807735258,7.97005627601144,0.11793853747340548
2026-09-11,TTAM,14.600000381469727,0.9636225365616375,7.467024498513734,0.12235429745054252
2026-09-11,UFG,0.5649999976158142,0.07027363187767917,0.9232316367801504,0.021959420658920654
2026-09-11,VG,15.758611679077148,1.138654205035599,12.242216341120809,0.08892623481737373
2026-09-11,VNTG,0.609000027179718,0.10572916718406808,0.47482964683587486,0.11736665466326894
2026-09-11,VOYG,33.779998779296875,1.1902748336228073,77.14636201996912,0.014780668896968212
2026-09-11,WETO,2.440000057220459,0.010844444698757595,155.13994167500474,-0.0002523886168738384
2026-09-11,WFF,2.0299999713897705,0.42917546790780087,4.424550228245701,0.08569808191738867
2026-09-11,WTF,2.5999999046325684,0.44750429091892757,2.1121445656168993,0.18819937678026671
2026-09-11,WXM,4.0,0.11267605633802817,12.696214608799114,0.004936593958847428
2026-09-11,WYFI,19.139999389648438,0.8117048113476082,61.71856812977724,0.012341582678100238
2026-09-11,XHLD,12.529999732971191,2.449657926422951,52.99109771699338,0.04528417092317414
2026-09-11,YMAT,2.069999933242798,0.29361700386380124,2.4877824664462316,0.09792536411425284
2026-09-11,YMT,2.240000009536743,0.0040579710317694626,23.038874087696282,-0.001994109121537562
2026-09-11,ZYBT,1.5499999523162842,0.1490384624201871,3.7347247752308883,0.02651827601247118
