Ticker,min_date,Close,future_growth_1_m,future_growth_2_m,future_growth_3_m,future_growth_4_m,future_growth_5_m,future_growth_6_m,future_growth_7_m,future_growth_8_m,future_growth_9_m,future_growth_10_m,future_growth_11_m,future_growth_12_m
AAPG,2025-01-24,17.3799991607666,1.159954017312098,1.0569621246416177,1.512945992290492,1.4853280656268433,2.348101458221875,2.2594938063294787,2.4594361907897446,2.1766400263385326,2.0402762253590683,1.8429229186386271,1.604142721922713,1.4723821282082938
AARD,2025-02-13,14.3100004196167,0.6470999271382181,0.555555525936042,0.6352201178224264,0.7582110456542077,0.8357791535597542,0.753319316342825,0.716981127045743,0.9734451360378717,0.7589098070039146,1.011180981322179,1.0726764452380697,0.8700209255199041
ADVB,2025-03-06,73.0,0.9205479034005779,0.5232876816841021,0.25506850464703285,0.181369859878331,0.09917807905641321,0.11452054324215405,0.13232876503304258,0.12493150528163126,0.10410958773469271,0.0958904109589041,0.0654794549288815,0.06780821656527584
AII,2025-05-08,16.00822639465332,1.0059171294475429,1.0201182639512514,1.039644957935384,1.156213075280942,1.4147928951076747,1.4692306766619156,1.156213075280942,1.1964496031834446,1.0491123412218464,1.1248520032536944,1.1394141562871853,1.23623944512286
AIRO,2025-06-13,24.0,1.0854166348775227,0.955833355585734,0.8416666984558105,0.8366666634877521,0.5570833285649618,0.3541666666666667,0.5512499809265137,0.38333332538604736,0.4424999952316284,0.3604166507720947,0.2654166618982951,0.32916667064030963
ALM,2025-01-02,1.5525000095367432,1.4289854333543675,1.9420290411488197,2.0289855562109618,2.4565217424689294,3.366666579643246,3.394524926604703,2.660225500206783,2.6666665642861718,4.30917875434778,3.9935586287791263,4.63768100807521,6.2737518269159445
AMBQ,2025-07-30,38.52999877929688,1.0150532532943222,0.7889956029499006,0.7687516682494409,0.6249675755672442,0.756812893102932,0.8562160063237048,0.7983389878903902,0.6594861316493352,0.972748526594173,2.008824396004597,2.294316229601814,1.6504023401826933
ANPA,2025-07-08,3.5199999809265137,8.099431927092683,11.539772486360357,7.656250258230352,7.110795688145788,6.210227479773366,6.812499906867742,20.741477992000785,2.414772740357425,2.5823864209781258,1.6249999492005867,1.7088067895109371,1.1917614188614836
ANTA,2025-05-13,12.800000190734863,0.9687499557621783,0.8796875047730282,0.9917968363792177,0.9304687242140066,0.9273437272408049,0.9046874805586417,0.7945312441210262,0.7460937537834978,0.6984374568099162,0.5746093679277693,0.7031249895226211,0.7195312422583812
APUS,2025-05-09,22.0,0.8363636190241035,0.809090874411843,0.695454554124312,0.9181818528608843,0.8454545627940785,1.0136363289572976,0.9681817835027521,0.7545454718849876,0.695454554124312,0.640909108248624,0.8545454198663885,0.609090891751376
ARX,2025-07-24,26.5,1.1339622353607755,0.6022641523829046,0.4716981132075472,0.48490567477244256,0.6471697969256707,0.5603773728856501,0.3569811335149801,0.4871698055627211,0.4954717024317328,0.6388679360443691,0.49245283738622125,0.5513207417614056
ASIC,2025-06-11,24.68000030517578,0.8282009838456538,0.8047001768548037,0.8480551072273056,0.7147487508721405,0.7208266084095835,0.7666126354271611,0.7520259009903684,0.7192058257907537,0.8006482975908983,0.8310372761454372,0.784846053473152,0.8415721313183241
ATHR,2025-04-10,5.75,1.820869611657184,2.486956554910411,2.1565216727878735,1.533912990404212,0.9434782940408458,1.0052174277927564,1.0191304580025051,1.0191304580025051,1.0504347759744395,0.9026087056035581,0.5469565184220023,0.431304351143215
AVBH,2025-01-02,21.799999237060547,1.1545871998703703,1.0619266251704584,0.9623853337833976,0.9633027860065,0.912844051145643,0.9564220693193513,1.0174312422667071,1.1490825740248154,1.183486244953619,1.1944954966447288,1.224770720062631,1.2178899158824226
BBNX,2025-01-30,23.6299991607666,0.8878544345050116,0.4756665328105546,0.4714346482846575,0.7909437663074076,0.5983919105168527,0.6940330173925502,0.8049090619242589,0.8552687178266072,1.1333051899176079,1.2496826802971202,1.2894625643467854,0.5797714894552998
BIYA,2025-03-21,1045.0,0.930622009569378,1.1770334928229664,0.15861244019138757,0.21507177033492822,0.12870813397129185,0.1471291866028708,0.11937799043062201,0.07894736842105263,0.04808612440191388,0.04220095547762783,0.01818181818181818,0.014545454362933145
BLIV,2025-04-04,3.539999961853028,1.1920903490582735,1.1468926515621534,0.9322033864059381,0.799435015311322,1.036723196565479,1.0717513986549958,1.0169491365610448,0.9830508634389549,0.8983051132838481,0.9322033864059381,0.8418079240638163,0.6855932406580999
BLSH,2025-08-13,68.0,0.7623529434204102,0.8757352828979492,0.6674999910242417,0.6673529568840476,0.5688235338996438,0.4663235159481273,0.5826470431159524,0.612794090719784,0.5802941041834214,0.42058824090396657,0.3433823585510254,0.35867646161247707
BMGL,2025-02-25,53.27999877929688,0.9549549968812271,0.9752252303853817,0.24324324953218404,0.40540542185340445,0.5045045003118772,0.45495496108264083,0.4009009215415271,0.3738738838716772,0.25900901852304764,0.14549549610826407,0.18153153440186862,0.1396396439128943
BUUU,2025-08-14,4.0,1.8250000476837158,2.0999999046325684,2.184999942779541,2.0,2.0975000858306885,3.40625,3.855000019073486,3.9287500381469727,5.25,4.481249809265137,5.477499961853027,6.887499809265137
CAI,2025-06-18,28.0,1.010357175554548,1.3189285823277064,1.1939285823277064,1.125,0.8467856815883091,0.9710714476449149,0.9382143020629883,0.7446428707667759,0.6574999945504325,0.7439285687037875,0.5607142789023263,0.6182142666407994
CAPS,2025-01-02,2.75,0.9090909090909091,1.4181818528608845,0.6981818025762385,0.6654545610601251,0.6909090822393243,0.49454545974731445,0.49454545974731445,0.4290908900174228,0.43272729353471234,0.3600000034679066,0.31272727792913263,0.27999999306418677
CARL,2025-07-23,14.5,0.8882758699614426,1.0,0.9724138194117053,0.8165517346612339,0.8862069228599813,0.9137931034482759,0.9000000131541285,0.7027585917505724,0.6951724085314521,0.8351723901156721,0.7648275967301994,0.744827599361025
CEPF,2025-08-21,10.119999885559082,1.0049407303656406,1.038537583768086,1.0237153926711635,1.0177865916216695,1.0326086884819983,1.0316205235615514,1.0108695314151348,1.0138340261764756,1.0148221910969224,1.0237153926711635,1.037549418847639,1.0261858049722807
CEPO,2025-01-07,10.050000190734863,1.005970096000366,1.0069651436314153,1.024875621418443,1.2139303062414235,1.2139303062414235,1.169154206666819,1.0577114340993505,1.037810955943189,1.0507462904679352,1.0388059086812733,1.037810955943189,1.0398009563123227
CHA,2025-04-17,30.393030166625977,0.9207768630236612,0.8723797829654915,0.7509247898658407,0.7037608047995378,0.5363748588693318,0.49260171245133505,0.44050556706398186,0.44319372544235375,0.397788574758949,0.34711906423597155,0.34810612386137657,0.348764184530353
CHYM,2025-06-12,37.11000061035156,0.8202640806631138,0.8084074240524728,0.6375639843242774,0.5230395992501771,0.5494475627672396,0.7407706634057567,0.7200215271864248,0.5211533234842669,0.5483697129283593,0.6308272557905068,0.48181080212052346,0.47534354889576286
CIGL,2026-08-04,0.6299999952316284,0.6507936500427735,,,,,,,,,,,
CIIT,2025-01-02,280.0,1.0,1.0,1.0,0.647500010899135,0.52999997820173,0.23424998692103793,0.2574999945504325,0.175,0.17350000653948103,0.14499999455043244,0.12249999727521624,0.09124999727521624
CJMB,2025-02-05,4.099999904632568,1.0609756111744115,0.9536585797021118,1.151219487800121,1.2439024446976463,1.1756098253112846,1.2146341792463484,1.1841463736591427,1.1780487892813518,0.9634146681858776,0.382926850968497,0.28536584982908875,0.4414634109465299
CRCL,2025-06-05,83.2300033569336,2.460771227897971,1.942929234549835,1.376426684344837,1.7843324344220888,1.3366574013328112,1.0508229671624383,1.0194640760765095,0.6035083205130238,1.3437461471467504,1.1346869954624215,1.360687197311828,0.9915895164075059
CRE,2025-07-23,52.79999923706055,0.17999999711007778,0.16386364682318438,0.13499999783255834,0.09477273218231103,0.0725000023480618,0.06749999891627917,0.040909093125792606,0.04829545434020439,0.04100378774879612,0.04204545569485542,0.060984849907916236,0.048106060578693925
CRWV,2025-03-28,40.0,1.0704999923706056,2.638750076293945,4.076499938964844,2.572249984741211,2.5697500228881838,3.0629999160766603,3.3700000762939455,1.8572500228881836,1.8729999542236329,2.488249969482422,1.9512500762939453,1.9367500305175782
CTW,2025-08-06,4.440000057220459,0.4414414443440295,0.5495495553547255,0.4999999999999999,0.47297294539838725,0.4572071948712083,0.27252252760205153,0.3963963891399265,0.5292792509790466,0.6126126111613185,0.5180180006024901,0.545045055204103,0.5585585556559706
CUPR,2025-04-10,33.20000076293945,1.1927710109671392,1.3831324431837049,1.739758945608508,2.1349396272466357,0.31566262956038715,0.23132529071841662,0.18554215981489985,0.13445783501457687,0.11614457403563135,0.10530120395060151,0.08987951503019412,0.08915662560620077
CURX,2025-08-26,80.4000015258789,0.16890546848229807,0.16442786089716174,0.11592039201422562,0.09950248567377185,0.0875621869184544,0.1144278561525135,0.11940298755317448,0.10646766489004894,0.08532338312588623,0.06616915510814998,0.048258706975173815,0.05820895198406482
CV,2025-07-02,3.5,1.117142881665911,1.0428571701049807,1.3428570883614677,1.3428570883614677,1.5942856924874442,3.0542855943952287,1.5628570829119002,1.4828571592058455,2.1257143020629883,2.0200000490461076,1.9514285496303014,1.8885714667184013
DGNX,2025-01-22,5.690000057220459,8.787346133072763,16.066783347908014,16.34446380751534,11.3866432801368,8.182776960469027,9.89455161175567,10.173989245604236,21.370825527464437,18.72759164973504,16.731106501033498,9.827767593426351,1.743409486210062
DKI,2025-08-08,5.480000019073486,0.9416058082942342,0.15620438014954763,0.09069343195103056,0.08138686281438512,0.07281021672335777,0.11350364541136036,0.07937956220258044,0.11697079755278121,1.0237226485380373,0.9343065452077736,0.8941605982322394,0.7153284785857914
DLXY,2025-07-09,4.949999809265137,0.9575757482345947,1.0363636994164862,0.1333333437691638,0.20808081031879502,0.1995959623739825,0.1777777836646565,0.17070708306465085,0.18383839622028988,0.11272728275442731,0.11111111780074602,0.1006060636638319,0.09898990473082203
EDHL,2025-04-17,67.19999694824219,0.9714285973788941,1.4071428847150753,0.17857143668090442,0.10809524209591284,0.2238095334057369,0.2476190497815745,0.22666668218279712,0.10761905063306948,0.06738095362440535,0.050297623034778007,0.04211309601525334,0.04047619274008581
EFTY,2025-08-08,4.880000114440918,1.4856557028647945,3.0778688740839204,3.0778688740839204,3.0778688740839204,3.0778688740839204,3.0778688740839204,3.0778688740839204,3.0778688740839204,3.0778688740839204,3.0778688740839204,3.0778688740839204,3.0778688740839204
EGG,2025-06-18,6.53000020980835,0.9234303240528265,1.0413476220905724,0.8499234322226387,0.5558958649018872,0.6431852487472437,0.5773353537207865,0.9035221907811535,0.8754976759483418,0.8958651939774227,1.1026033044302843,1.3782541670491222,1.1316997900529142
ENGS,2025-04-01,4.949999809265137,1.7898989895097748,0.6282828312992454,0.3595959676721734,0.6282828312992454,0.9252525454917117,1.3595960158375449,1.7515152344179725,0.2121212106616554,0.17212121836811484,0.1898989967345805,0.1696969709375929,0.2484848619127702
EPSM,2025-03-26,4.820000171661377,1.5663900252792935,2.950207419209988,4.535269674651643,2.7904562925833125,5.3132779456985375,7.6721988019120575,4.4605807540021924,0.8713692240009743,0.4460580951859928,0.47302902286077947,0.2800829825233252,0.2863070427559683
ETOR,2025-05-13,52.0,1.2340384263258715,1.0357692425067608,0.9230769230769231,0.8488461421086237,0.756923088660607,0.7930769553551307,0.7551923164954553,0.6000000146719126,0.5142307648291955,0.5874999853280874,0.7101923135610727,0.7996154198279748
ETS,2025-08-21,3.5,0.26457142829895014,0.21714285441807338,0.1522857121058873,0.1414285727909633,0.15685714994158065,0.14257143224988664,0.18914285727909633,0.1702857187816075,0.1560000010899135,0.20457143442971365,0.2885714258466448,0.2848571368626186
FATN,2025-04-08,13.0,0.5553845992455115,0.6192307839026818,0.7146153816810021,0.458461541395921,0.4769230622511644,0.4846153992872972,0.2538461501781757,0.20538462125338042,0.17153846300565279,0.14769230439112738,0.1461538443198571,0.1661538527562068
FBGL,2025-02-06,3.450000047683716,0.23072463559793893,0.2382608740120919,0.17478260199529397,0.1965217286742704,0.18840578758674031,0.17536232194537948,0.15217390402954345,0.21159420550257635,0.15362317798969466,0.22608694510408836,0.2513043396534527,0.2631883999480593
FIG,2025-07-31,115.5,0.6084848379159903,0.44909089984315814,0.43991343180338544,0.3114285819974297,0.32580087504861677,0.22441558507613804,0.26614718416552524,0.17679653745709042,0.16225108026942134,0.21030303822967397,0.18476190608301205,0.2157575764181294
FLOC,2025-01-16,28.791540145874023,0.9242424955079672,0.8269361517566776,0.6747474786286027,0.64804940477543,0.5932846635445413,0.6324988858937219,0.5316718536840432,0.5408445240260407,0.49803892783724796,0.5619562666167783,0.6107774736090796,0.6862285202065126
FLY,2025-08-07,60.34999847412109,0.7088649521282347,0.4712510563898868,0.37282519583904067,0.328251863576056,0.4531897443741906,0.39569179394439713,0.32129245865620265,0.6225352219509128,0.6574979504297935,0.5541839360470887,0.39917151220671554,0.42684342800651576
FMFC,2025-06-25,4.400000095367432,1.6999999674883763,2.3386363042780203,3.0909091106131057,1.5977272857811822,0.10477272397230486,0.06931818194133191,0.0795454514667023,0.10545454013446157,0.08977272776532762,0.08522727088002138,0.08454545471786468,0.0670454501120513
GRAN,2025-07-01,4.599999904632568,0.9934783187840984,0.8478261252657461,0.6304348164109524,0.6152173874734254,0.46304351273917144,0.9669565318347377,0.5956521883353397,0.40217392656438095,0.22826086393150793,0.22826086393150793,0.2304347749468508,0.29782609416766986
HCAI,2025-02-05,115.1999969482422,1.4921874865475622,1.833333355409128,2.085937581749428,0.35156250931322597,0.205729178739367,0.18359375155220434,0.15598958150518155,0.15885416425212656,0.14062501034802885,0.11145833761051858,0.08515625589837646,0.060416668598298716
HCMAU,2025-08-01,10.09000015258789,1.0039643172693875,1.0242814550895962,1.0455896958563466,1.0237859036163255,1.019326034873667,1.0257681095094089,1.0257681095094089,1.0198215863469378,1.0208126892934795,1.0307234352085586,1.0396431726938757,1.0421209300602299
HKPD,2025-01-15,2.819999933242798,0.6879432989878117,0.4255319418762545,0.3652482254513192,0.36170212945841695,0.49290780801419554,0.4858156160283911,0.3794326516957268,0.4716312320567822,0.4255319418762545,0.4184397076176513,0.2574468184942142,0.28333334883335953
HNGE,2025-05-22,37.560001373291016,1.2492011835311116,1.2241745969405844,1.5327475396676196,1.58785935061383,1.3008519388685644,1.2076677037239711,1.2949946115879651,1.1331203359208477,1.067891351007081,1.070021223569181,1.1791799599619301,1.4105430672297712
HTFL,2025-08-11,29.989999771118164,1.1163721172975534,1.0966988876513135,1.0856952858215054,0.8959653565956517,1.10503499975228,0.910303415985744,0.6932311128441265,0.9146382298939599,0.9809936745857145,1.022674235090547,0.8499499821826034,0.995331797575295
HXHX,2025-04-15,3.109999895095825,0.4565916414736415,0.5,0.4694534043069437,0.2958199510360284,0.3601286310441699,0.3697749244209246,0.16720257185426415,0.13569131999185852,0.1633440621697548,0.18971060889883962,0.14630225995522175,0.20257235256666042
INLF,2025-01-02,14240.0,0.9820224719101124,0.40898876404494383,0.3325842696629214,0.25617977528089886,0.25842696629213485,0.24044943820224718,0.2808988764044944,0.19325842696629214,0.1633707796589712,0.16067415730337078,0.1498876335915555,0.12134831460674157
INR,2025-01-31,21.06999969482422,0.81680110743904,0.8898908529460435,0.7707641199020744,0.8153773400099287,0.7631703918655517,0.6620787855394185,0.6739439969120324,0.6407214141211514,0.54485048450458,0.6521120061759352,0.6986236582929203,0.7840531892281782
IOTR,2025-04-10,35.5,0.13239436082437006,0.10619718256131025,0.13492957639022612,0.11098591710480166,0.12619718363587284,0.09605634044593489,0.10507042307249258,0.0797183077100297,0.0735211238055162,0.08436619395941077,0.05577464842460525,0.07830985834900762
JCAP,2025-06-26,17.43762969970703,0.9126212763909458,1.0757240487665083,0.9287613455636085,1.0276470794129293,1.1696929888846839,1.2614119579888738,1.2437312547990995,1.1547748169505838,1.0382894313709619,1.1680755692743872,0.9729156867935342,1.1062306805478688
JEM,2025-06-09,924.0,0.8831168831168831,1.6259740523961714,0.17662337332060843,0.09220778890502401,0.07870130002240598,0.06363636281067159,0.0511688298477239,0.03428571461599111,0.02623376598605862,0.029090908182647836,0.015064935147504267,0.025064934899796654
JLHL,2025-06-26,4.230000019073486,1.1134751813023922,0.9527187214271116,0.9290780257769374,0.9007092022694743,0.8156028444745452,0.8723404351257413,0.983451496135759,1.3687943110509095,1.4184397099161725,2.539007026640768,5.437352221345328,3.808510765416072
KMRK,2025-07-16,4.949999809265137,0.28888888942405966,0.3737373929548704,0.2686868877097578,0.2141414108330856,0.25656566259849095,0.2525252622556306,0.36565656818646397,0.3272727408466047,0.6929293331157543,0.5050505245112612,0.2545454624270608,0.2161616350872015
KMTS,2025-03-06,21.84000015258789,1.065476203991983,1.0160256583802383,0.9139193656144519,0.7225274552528503,0.6620879092088083,0.7783882729499714,1.146062294494976,1.220238069246187,1.1217948639573116,1.169413953163413,1.1501831805736893,1.073260090214795
KRMN,2025-02-13,30.049999237060547,1.1321131887353573,1.1361064977181001,1.4828619801871854,1.5810315982617167,1.8735441153564483,1.6838602249186185,2.158402737340505,2.5277870553418014,1.9963395408170714,2.2648918231803354,3.6435940314013697,2.4995009157177845
LGPS,2025-03-25,3.5313193798065186,1.0810810464109906,0.25810809788955513,0.22999998582175776,0.27297297215183924,0.25405404894477757,0.30270270379754766,0.27297297215183924,0.27837837637116264,0.2621621637131925,0.2486486447254542,0.20540539409200748,0.19324323037881494
LHAI,2025-07-24,5.630000114440918,1.1332149173631905,1.6642983472638102,1.818827631078128,1.9342806610944758,1.7317939257214767,0.34103018082714903,0.2326820454975478,0.20781526346395848,0.19005329142135244,0.16341030159653205,0.11580816993967798,0.16483125300775833
LHSW,2025-04-03,68.63999938964844,0.7109557061624924,0.5617715867740265,0.5081585282382078,0.6363636464682594,0.4871794715043668,0.5081585282382078,0.4079254115527085,0.24009323555911435,0.19580419143200314,0.15641025869027392,0.037762238209173016,0.043123544062754884
LZMH,2025-02-27,100.0,1.701999969482422,1.82,5.735999755859375,3.3220001220703126,1.201999969482422,0.725999984741211,0.6619999694824219,0.6659999847412109,0.6,0.2739999961853028,0.26799999237060546,0.24200000762939453
MAGH,2025-08-12,4.059999942779541,0.29876849168065955,0.3152709333570734,0.34236453332146327,1.6650247103830822,1.6650247103830822,1.6650247103830822,1.6650247103830822,1.6650247103830822,1.6650247103830822,1.6650247103830822,1.6650247103830822,1.6650247103830822
MAMK,2025-07-07,3.690000057220459,0.6829268135092488,0.5799458188941488,0.7831978482626651,1.4959349309833145,3.5230351757209513,3.5230351757209513,3.5230351757209513,3.5230351757209513,3.5230351757209513,3.5230351757209513,3.5230351757209513,3.5230351757209513
MASK,2025-01-08,81.25,0.8123076923076923,0.8676923076923077,0.9723076923076923,1.1507692307692308,1.0492307692307692,0.4492307692307692,0.3076923076923077,0.2123076923076923,0.15107691838191104,0.16123077392578128,0.09846153846153846,0.12369231003981371
MAZE,2025-01-31,15.949999809265137,0.7423197676598213,0.6501567404117015,0.6802508157502993,0.8564263329631642,0.7210031434182091,0.95611286409806,0.9523510822589251,1.6614420261376124,2.063322899119732,2.336677172630061,2.4934169864166282,3.0075236234697638
MB,2025-04-10,4.099999904632568,0.9146341676161736,1.5756098020509348,2.907317159404223,3.417073306038864,2.492683049938924,2.3012196680678314,1.829268335232347,1.5853658905347008,1.7195122816391057,1.2731707101489442,1.378048835802051,1.402439057011466
MCRP,2025-03-07,3.549999952316284,0.7014084628119732,0.8929577799643634,0.9126760712835295,0.8067605973198124,0.6225352303751452,0.4535211368818839,0.4338028119826358,0.4647887319214073,0.2639436589354348,0.569014086777245,0.7802816952488012,1.0
MENS,2025-06-17,10.109999656677246,1.0435213203758138,4.104846825844443,5.312561909831458,5.785361391168447,3.7774480636590355,1.52324432655734,0.3293768582382418,0.2027695372830544,0.17705242558250775,0.22848664898360105,0.21562810492455362,0.15430267020327978
MGRT,2025-07-16,3.809999942779541,0.7926509255334288,1.0761154766951155,1.23359576899004,1.6115485455903262,1.251968517733524,1.527559123115226,1.9606298956377408,2.230971162114749,27.627297563537304,34.68766552413478,19.59580178041736,22.04461919295873
MH,2025-07-24,17.0,0.8588235518511604,0.8170588437248679,0.751764690174776,0.9782352447509766,1.0158823798684513,0.8894117579740637,0.7788235159481273,0.8005882150986615,0.7641176335951861,0.7188235451193417,0.5382352716782512,0.6064706129186294
MIAX,2025-08-14,30.739999771118164,1.2121014508445416,1.4170462491095368,1.6577748687022515,1.3884190183135874,1.3910214261520084,1.3708523000459216,1.295380611298416,1.4590110217326677,1.8269355974484216,1.3090436557606737,1.3770332513413333,1.3796356591797545
MIMI,2025-01-10,41.09999847412109,1.3211679136983652,1.3771289677725824,0.970802992876076,1.1970803549766211,1.5596107263722194,1.7518248825565121,1.537712971029276,2.289537760770766,1.6788321791166574,0.16253041548273375,0.10608273224778123,0.0759124087929982
MNTN,2025-05-22,26.36000061035156,0.768588761751612,1.106980259086823,0.872534122437308,0.6870258039083569,0.5937025514477615,0.519347468262472,0.44840665482316083,0.3812594824746792,0.36456750508963964,0.3266312388967132,0.3789832905844128,0.3289074307869796
MSGY,2025-07-08,34.15999984741211,2.489461396235041,3.2552692460467467,0.4683840770336574,0.3395784670165483,0.6580796148317127,0.6252927607073672,0.16861827443240465,0.11334894602795204,0.10327869239190118,0.10725995464575075,0.12669789484769073,0.10257611136280619
NCT,2025-03-28,4281.25,0.656934306569343,0.5897810218978102,0.48175182481751827,0.5583941605839416,0.20890510948905108,0.19985401459854016,0.1562043795620438,0.11664233576642336,0.034160583941605836,0.029635036496350364,0.034160583941605836,0.010802919708029197
NIQ,2025-07-23,19.01000022888184,0.9284586746987346,0.8937401139693468,0.7396107443626108,0.7880062788993162,0.8732246281748799,0.9468700569846733,0.5823250689921403,0.5560231229647883,0.5902156829005343,0.44976328710111596,0.4313519048151772,0.5654918395880688
NNNN,2025-02-19,5.769999980926514,1.2980935521451185,1.150779876678506,1.3864818070095393,2.790294702719302,6.928942751195048,8.760831785816318,7.381282546512077,5.232235811759895,4.594454127645424,5.242634332754821,5.821490513626345,4.280762711367162
NPB,2025-02-18,14.456827163696287,0.976011014387283,0.8069877186494541,0.962890826766423,0.89352429124666,1.0284658398180049,1.139911638448819,1.2754352803157871,1.1504901154304727,1.132578344783675,1.191824808388793,1.245918717241585,1.2238427102643816
NSRX,2025-08-13,8.25,0.9781817811908144,0.9393939393939394,0.9090909090909091,0.7878787878787878,0.8484848484848485,0.6787878672281901,0.3757575641978871,0.26787879250266333,0.36000000346790656,0.38181819337787054,0.37212120402943005,0.4387878649162524
NTHI,2025-03-26,12.109999656677246,0.4880264256781739,0.6118910039214049,0.3294797789145044,0.4467382329304302,0.5037159436473752,0.8563171081380867,0.731626747139666,0.6044591560021436,0.6895128503877107,0.753922409023917,0.8331957422496241,0.6003303209771736
NUTR,2025-08-15,3.910000085830689,1.3861892473954904,2.301790230801984,2.301790230801984,2.301790230801984,2.301790230801984,2.301790230801984,2.301790230801984,2.301790230801984,2.301790230801984,2.301790230801984,2.301790230801984,
OMDA,2025-06-06,23.0,0.7326087122378142,0.8460869167162024,1.0447826385498047,1.013043445089589,1.013043445089589,0.7604347726573115,0.7204347693401835,0.5065217225447944,0.6195652173913043,0.5208695453146229,0.6443478128184443,0.7965217258619226
OMSE,2025-05-13,7.510000228881836,0.9400798572053711,0.8934753440275227,0.9560585365531544,0.7416777632363261,0.4886817529219132,0.6804260955761958,0.6138482014668044,0.641810922072239,0.5885485940860004,0.5898801189515018,0.5926764418069473,0.5912117073106309
PCLA,2025-01-16,85.19999694824219,2.7922535495042955,0.287676069328633,0.19190141980171813,0.15633803018697212,0.401408474036865,0.27394367357508964,0.16584507770610246,0.1707746562429314,0.15492958077550112,0.11795775294264504,0.056338032425644294,0.07253521185092163
PFAI,2025-04-21,4.0,0.7862499952316284,0.631250023841858,0.4950000047683716,0.375,0.4950000047683716,0.9524999856948853,0.5774999856948853,0.5575000047683716,0.5249999761581421,0.5762500166893005,0.6324999928474426,0.9950000047683716
PLUT,2025-02-05,4.0,1.0,0.6524999737739563,0.5899999737739563,0.612500011920929,0.6524999737739563,0.8799999952316284,0.7200000286102295,0.912500023841858,0.8899999856948853,0.850000023841858,0.7975000143051147,0.787500023841858
PMI,2025-08-29,229.5,1.8518518518518519,0.7145969498910676,0.46405228758169936,0.3812636165577342,0.3812636165577342,0.20915032679738563,0.22875816993464052,0.09564270484940939,0.058823529411764705,0.03681917128220103,0.022352941675123826,0.01681917165619096
PN,2025-03-04,80.5999984741211,0.8784119651626315,0.6377171525925317,0.6699751987878539,0.5831265619079469,0.8436724725476679,0.25806451154883053,0.1697270541458897,0.17617866101851662,0.21091811813691697,0.17990074782266446,0.13672457402467514,0.13126551022334157
PPCB,2025-01-02,0.0199999995529651,12500.000279396818,8750.000195577772,6562.500146683329,2837.500063423078,6975.0001559034245,8250.000184401899,7625.000170432058,2687.5000600703156,2475.00005532057,1325.0000296160626,1031.2500230502374,633.2500122468941
RYET,2025-04-08,4.510000228881836,1.7339245620393657,1.9756096220024284,3.412416754386373,0.3392460961735036,0.30598667964453113,0.32372504746168285,0.23725055391346897,0.254988895298407,0.2572061879715243,0.23503323480813806,0.2272727104522277,0.23946784658658624
RYOJ,2025-08-14,2.900000095367432,0.6758620598937047,0.6620689289464974,1.5068964627069779,1.3758620270083843,1.137930980618872,0.9586206482650279,0.7965516782118803,0.6972413820318885,0.6999999671146797,0.8068964955922981,1.4482757486713096,1.5724137216629248
SAGT,2025-03-07,3.5999999046325684,0.669444486020525,1.4888889654183113,0.5777777718908991,0.4638888892568188,0.608333365343236,0.5333333355409129,0.5555555702727522,0.638888892568188,0.6611111604137199,0.5333333355409129,0.39722221817499315,0.5083333587204975
SAIL,2025-02-13,22.0,0.9009090770374645,0.7913636294278231,0.8468181436712091,1.0636363462968308,0.9286363775079901,0.9304545142433859,0.98227275501598,1.0386363809758967,0.8722727515480735,0.9381817904385655,0.8590908917513762,0.7113636190241033
SFD,2025-01-28,18.18683433532715,1.0637972870662926,1.024303788334916,1.1111532826107726,1.209248968473349,1.2201384793656391,1.2616220906690505,1.3332839720532652,1.2248826157646995,1.1835122697215008,1.1336354928858405,1.1977335621431424,1.2570641078226548
SI,2025-07-31,15.050000190734863,0.9847175752162292,0.8338870452945868,0.7787375494017548,1.025913580379124,1.0066444801679784,0.9408637653127301,0.8677741032625863,0.9754152903076463,0.897674422436148,0.9302325463503138,1.4132890490498458,1.4870431147598429
SION,2025-02-07,25.0,0.65,0.35520000457763673,0.4927999877929688,0.7304000091552736,0.8172000122070312,0.8012000274658203,0.9387999725341796,1.134000015258789,1.3883999633789061,1.6636000061035157,1.57,1.5205999755859374
SLDE,2025-06-18,20.184345245361328,0.9086418878119445,0.7032098548440289,0.7318518182531201,0.7249382702049911,0.8079012247682711,0.9106172412522291,0.8034567740240645,0.8291358017691622,0.8083950631283422,0.9372838512210356,0.9224690784046357,0.8365431881773623
SMA,2025-04-02,30.59634780883789,1.097383765328716,1.1282560800254444,1.1487693826272662,1.0837327503048693,1.1288222436862654,1.1653103134172809,1.0767565068612277,1.0279430629616133,0.9723564763898782,1.0013432828191333,1.0350446703253067,0.9719248404960745
STAK,2025-02-26,3.7300000190734863,0.8852546994347115,0.6595174331280632,0.4450402032527964,0.4638069732512253,0.44906164711826085,0.3780160749091996,0.1844504074656591,0.19919570163902864,0.12975871177009238,0.10214477485552025,0.10911528234959782,0.1139410213800741
TDIC,2025-07-23,547.5,0.906392694063927,0.8904109589041096,0.13538812785388127,0.0639269406392694,0.052968036529680365,0.042922374429223746,0.03904109589041096,0.033105022831050226,0.06666666666666667,0.01995433824791756,0.012310501865056007,0.004876712468116795
TGHL,2025-08-28,3.380000114440918,0.49112423385109194,0.2355029517347702,0.15798815426499788,0.10857988200114722,0.19526627333715743,0.11923076434736653,0.08284023423425457,0.10828401901479803,0.39940827755420355,0.1665680486103019,0.33431951389698117,0.2251479147403904
THH,2025-08-27,241.8999938964844,0.30095082632747366,0.36792063764203947,0.43199670374823734,0.7000827216886376,0.03224473082902472,0.022075238889311514,0.013228607393239881,0.015130219835379172,0.014675485911072102,0.011947086307661853,0.0086812730782094,0.008474576287891661
TLIH,2025-07-08,37.29999923706055,0.18471849885830097,0.13270777239981588,0.14745308612594576,0.12010724157394208,0.11796247145752427,0.11260053338264145,0.09624664846111734,0.08471850269345245,0.06648793752814362,0.10375335026049883,0.10766755700134517,0.13136729746897388
TMDE,2025-04-21,3.630000114440918,0.22589530771233504,0.4876032851583323,0.26694213535291594,0.22920109943144723,0.23911844174876015,0.21597794897501033,0.18457300153349773,0.16528925755537288,0.1898071594404165,0.2217630803784537,0.3636363666218203,0.34435260622368363
TOPP,2025-01-22,3.759999990463257,0.609042544590774,0.4015957431630777,0.324468093538457,0.4042553151015406,0.4574468172799953,0.5319148949661531,0.5425531827200049,0.4255319223138422,0.3643617043199988,0.2566489298461573,0.24202128418461127,0.2412234062621528
TOPW,2025-09-04,32.48306655883789,1.0936156710068454,1.1529198057929306,1.057556092657859,0.9997954256373953,0.8873852777625436,0.9003148589687596,0.879496892689238,1.0353647066477625,0.9992371325720553,0.9732026962008474,1.0286034182708392,1.014761531705327
TTAM,2025-02-07,16.490463256835938,0.8281435784880251,0.7275448104456385,0.8287423696631594,0.8359125961512659,0.8473223034849948,0.8845540561422535,0.918783235975309,0.8941851443344663,0.9363353239833851,0.9598188798383298,1.0629018736600355,1.1467992604923203
UFG,2025-01-14,4.0,1.062999963760376,1.287500023841858,1.4700000286102295,1.309999942779541,0.6150000095367432,0.5625,0.9725000262260437,1.965000033378601,0.21375000476837158,0.2574999928474426,0.2437500059604645,0.3174999952316284
VG,2025-01-24,23.706693649291992,0.5879166571125022,0.4691975346635144,0.3602469117923331,0.5167851584201153,0.7007963144659705,0.6339343807915836,0.5382383005736119,0.6171411767592837,0.39706234585109906,0.2945541664806119,0.30334228809969477,0.3738284683527856
VNTG,2025-06-11,4.0,1.1749999523162842,1.2424999475479126,1.4950000047683716,0.2750000059604645,0.25,0.2227499932050705,0.228750005364418,0.21250000596046448,0.20250000059604645,0.1927500069141388,0.19300000369548798,0.18774999678134918
VOYG,2025-06-11,56.47999954223633,0.7087464430548027,0.5292138745025377,0.5311614773928192,0.549752115593433,0.4254603555489696,0.48530453380961214,0.5773725367325024,0.46582860621780803,0.47839944541001345,0.5336402201474778,0.5949008276636877,0.7285765201734201
WETO,2025-02-27,360.0,1.1,1.1527777777777777,0.9194444444444444,0.6194444444444445,0.4888888888888889,0.6208333333333333,0.5527777777777778,0.3638888888888889,0.2388888888888889,0.24722222222222223,0.16944444444444445,0.12000000211927626
WFF,2025-03-27,18.75,1.0186666870117187,1.2773333740234376,1.0640000406901042,0.28,0.25333333333333335,0.22959999084472657,0.22399998982747396,0.16,0.1946666717529297,0.1346666717529297,0.1,0.08266666412353516
WTF,2025-04-01,19.850000381469727,0.32392945615966456,0.326448357407724,0.28161209295523437,0.23073047031180682,0.21813601211555517,0.31335010935305135,0.25642317656273106,0.1571788325239353,0.16624684578831966,0.16876573502536774,0.23652393357353435,0.18589420585931724
WXM,2025-04-01,42.900001525878906,0.41491838237634826,0.5904428676634437,0.9020978877959747,0.6177155957445408,0.659673618426072,0.7599066973099182,0.7668997751907393,0.11864801798474085,0.11888111242970598,0.11585080683956522,0.10279719558405681,0.10979020677436858
WYFI,2025-08-07,16.219999313354492,0.986436539909508,2.0733663681740406,1.8902590101942027,1.1979038919673926,1.0326757527177661,1.1445746806396226,0.9784217359671993,0.837238008544499,1.3101110295673153,1.435881744850129,2.3736129241572534,1.4562269937820667
XHLD,2025-02-13,102.0,0.07294117703157313,0.1197058827269311,0.09014705583161,0.07220588010900161,0.057352940241495766,0.048676472084195004,0.051323530720729454,0.042352942859425265,0.03308823529411765,0.01911764752631094,0.012352941082973107,0.020588234359142827
YMAT,2025-07-30,20.399999618530277,0.3995097926927041,0.30392156496088296,0.257352945988841,0.1887254890502759,0.11691176642458607,0.10735294598884106,0.10245097810055186,0.06740196204469646,0.06102941313966887,0.24264705401115888,0.13700981022348233,0.09215686423464127
YMT,2025-08-19,672.0,0.8178571065266927,0.5535714285714286,0.4392857324509394,0.4642857142857143,0.6678571246919178,0.33357143402099604,0.10785714785257976,0.07750000272478376,0.026666666780199324,0.012261904421306792,0.011047618729727609,0.004833333194255829
ZYBT,2025-01-07,4.860000133514404,0.866255128084246,0.903703719692756,0.82716046717874,2.121399205016327,1.2860081951233295,1.211934095612127,1.1069958779096756,2.139917558193509,0.5596707724045513,0.4218106781889882,0.43621395623832004,0.2366255029969607
