File Date,Company,Symbol,Managers,Shares (millions),Price Low,Price High,Est $ Vol (millions),Expected To Trade,SCOOP Rating
2026-09-24,ADARx Pharmaceuticals,ADRX,J.P.Morgan/Morgan Stanley/TD Cowen/UBS Investment Bank/LifeSci Capital,26.25,$17.00,$17.00,$446.25,Priced,S/O
2026-09-24,Bluerock Acquisition Corp. II,BRRKU,BTIG,15.0,$10.00,$10.00,$150.00,Priced,S/O
2026-09-24,City Therapeutics,CTY,Goldman Sachs/Jefferies/Stifel/Oppenheimer & Co.,0.0,,,$100.00,TBA,S/O
2026-09-24,Hacker Interstellar,SOUD,Kingswood Capital Markets,3.9,$10.50,$11.50,$42.90,TBA,S/O
2026-09-24,New Iceland Arctic Acquisition Corp.,NIAAU,Chardan,12.5,$10.00,$10.00,$125.00,Friday,S/O
2026-09-24,Southport Acquisition Corp. II,PORT.U,Cohen & Company Capital Markets,20.0,$10.00,$10.00,$200.00,TBA,S/O
2026-09-23,Frazier Life Sciences Acquisition II (Stock-Only),FLSC,Jefferies,7.5,$10.00,$10.00,$75.00,TBA,S/O
2026-09-23,Wella Co. (The),WELA,Goldman Sachs/BofA Securities/KKR/J.P. Morgan/William Blair/TD Securities/BNP Paribas/Credit Agricole/Commerzbank/Banco Intesa Sanpaolo/Mizuho Securities/Mitsubishi UFJ Financial Group/Piper Sandler/Raymond James/UniCredit Capital Markets,0.0,,,$100.00,TBA,S/O
2026-09-22,Accelevation Holdings Corp.,ACCV,Morgan Stanley/J.P. Morgan/Goldman Sachs/Barclays/B of A Securities/Houlihan Lokey/Baird/William Blair/Piper Sandler/Wolfe Nomura Alliance,30.0,$20.00,$24.00,$660.00,Wednesday,S/O
2026-09-22,Live Oak Acquisition VI,LOVIU,Santander,20.0,$10.00,$10.00,$200.00,Priced,S/O
2026-09-22,SeeQC,SEQC,Cantor/BTIG/Needham & Co./Craig-Hallum & Co.,0.0,,,$75.00,TBA,S/O
2026-09-21,Iambic Therapeutics,IAM,J.P.Morgan/Jefferies/BofA Securities/Citigroup,0.0,,,$100.00,TBA,S/O
2026-09-21,Oura,OURA,Goldman Sachs/Morgan Stanley/J.P.Morgan/Allen & Co./Jefferies/BofA Securities/Barclays/Wells Fargo Securities/Citizens Capital Markets/KeyBanc Capital Markets/Guggenheim Securities/Canaccord Genuity/Needham & Co./Raymond James/Rothschild & Co./Truist Securities/William Blair,50.0,$40.00,$44.00,$2100.00,Wednesday,S/O
2026-09-21,SB Energy,SBE,J.P. Morgan/Morgan Stanley/Goldman Sachs/Citigroup/Mizuho/BNP Paribas/BTIG/Jefferies/Natixis/RBC Capital Markets/Truist Securities/ING/MUFG/Santander/SMBC Nikko/Daiwa Capital Markets America/ Newmark Securities/Raymond James/Rosenblatt,0.0,,,$100.00,TBA,S/O
2026-09-21,Silicon Valley Acquisition II,SVATU,Cohen & Company Capital Markets,22.0,$10.00,$10.00,$220.00,TBA,S/O
2026-09-18,Electra Therapeutics,ETRA,Jefferies/TD Cowen/Evercore ISI/Cantor,23.33,$15.00,$15.00,$349.95,Priced,S/O
2026-09-18,Nscale Ltd.,NSCL,Goldman Sachs/J.P. Morgan/Morgan Stanley/RBC Capital Markets/BofA Securities/Deutsche Bank Securities/Credit Agricole CIB/TD Securities/Mizuho Securities/KeyBanc Capital Markets/Cantor/SMBC Nikko/WR Securities/Nomura Securities,0.0,,,$100.00,TBA,S/O
2026-09-18,Rise Smart Group (Withdrawn),RSHL,American Trust Investment Services/Prime Number Capital,1.8,$4.00,$4.00,$7.20,Withdrawn,S/O
2026-09-18,"TRex Bio, Inc.",TRXB,J.P.Morgan/Cantor/Evercore ISI/Stifel/Wedbush PacGrow,0.0,,,$100.00,TBA,S/O
2026-09-17,Aggreko,AGKO,Goldman Sachs/J.P. Morgan/BofA Securities/Barclays/Morgan Stanley/Jefferies/Deutsche Bank Securities/UBS Investment Bank/Baird/Santander/Wolfe Nomura Alliance/Tigress Financial Partners,0.0,,,$100.00,TBA,S/O
2026-09-17,C2 Capital Group (Withdrawn),CCLV,Dominari Securities,3.75,$4.00,$5.00,$16.88,Withdrawn,S/O
2026-09-17,Leader’s Advantage Acquisition Corp.,LEDRU,Clear Street/D. Boral Capital,15.0,$10.00,$10.00,$150.00,Priced,S/O
2026-09-17,Orion180 Insurance Group,OIG,RBC Capital Markets/UBS Investment Bank/Raymond James/Goldman Sachs/Deutsche Bank Securities/Citizens Capital Markets/Texas Capital Securities,20.0,$12.00,$12.00,$240.00,Priced,S/O
2026-09-17,Tracx Logis Ltd,TRCX,Roth Capital Partners/Revere Securities,1.5,$18.00,$22.00,$30.00,TBA,S/O
2026-09-16,Haymaker Acquisition Corp. V,HYACU,Cantor/William Blair,25.0,$10.00,$10.00,$250.00,Priced,S/O
2026-09-16,Lower Cross Acquisitions Corp.,LCACU,BTIG,20.0,$10.00,$10.00,$200.00,TBA,S/O
2026-09-16,NuvOx Therapeutics,NUOX,ThinkEquity,2.9,$6.00,$8.00,$20.02,TBA,S/O
2026-09-16,OceanHawk Acquisition II,OHIIU,StoneX Financial,15.0,$10.00,$10.00,$150.00,TBA,S/O
2026-09-15,Amaero (Postponed),AMRO,Stifel/Baird,7.46,$7.06,$7.06,$52.67,Postponed,S/O
2026-09-15,American Savings Bank of Hawaii,ASBH,"Piper Sandler/Keefe, Bruyette & Woods (A Stifel Company)",8.06,$16.00,$16.00,$128.92,Priced,S/O
2026-09-15,GLGHK Ltd. (Golf Lifestyle),GLG,Pacific Century Securities,5.0,$5.00,$7.00,$30.00,TBA,S/O
2026-09-15,LYC Healthcare (Cayman) Ltd.,TBA,Pacific Century Securities,6.25,$4.00,$4.00,$25.00,TBA,S/O
2026-09-15,OTSAW Ltd. (Withdrawn),OTSA,Aegis Capital,4.4,$4.50,$5.50,$22.00,Withdrawn,S/O
2026-09-15,SPACCircle Acquisition,SCQCU,D. Boral Capital,15.0,$10.00,$10.00,$150.00,TBA,S/O
2026-09-14,Bamboo Insurance Services (Postponed),BMB,J.P.Morgan/Morgan Stanley/Deutsche Bank Securities/Evercore ISI/Wells Fargo Securities/Barclays/Goldman Sachs/Piper Sandler/CVC Capital Markets/Dowling & Partners Securities/Wedbush Securities,35.0,$18.00,$20.00,$665.00,Postponed,S/O
2026-09-11,FutureCore Acquisition,FTCRU,Polaris (A Division of Kingswood),7.5,$10.00,$10.00,$75.00,TBA,S/O
2026-09-11,Meey Global,TBA,ARC Group Securities,0.0,,,$35.00,TBA,S/O
2026-09-10,Allarity Acquisition Corp.,ALLNU,Maxim Group,10.0,$10.00,$10.00,$100.00,TBA,S/O
2026-09-10,Motive Technologies (Withdrawn),MTVE,J.P.Morgan/Citigroup/Barclays/Jefferies/RBC Capital Markets/Citzens JMP/KeyBanc Capital Markets/Societe Generale/Nomura Securities,0.0,,,$100.00,Withdrawn,S/O
2026-09-09,Elevation Acquisition Group,ELEVU,Maxim Group,10.0,$10.00,$10.00,$100.00,TBA,S/O
2026-09-09,Football Manager SPAC,FBLLU,D. Boral Capital,10.0,$10.00,$10.00,$100.00,TBA,S/O
2026-09-09,Harbour Island Acquisition Corp. I,HRIAU,Clear Street,10.0,$10.00,$10.00,$100.00,TBA,S/O
2026-09-08,Holtec Nuclear (Postponed),HNUC,J.P.Morgan/Guggenheim Securities/Goldman Sachs/Citigroup/BofA Securities/Morgan Stanley/Cantor/BMO Capital Markets/Oppenheimer & Co.,50.0,$15.00,$18.00,$825.00,Postponed,S/O
2026-09-04,Idea Tech Holding (Withdrawn),IDTL,R.F. Lafferty & Co.,2.0,$4.00,$5.00,$9.00,Withdrawn,S/O
2026-09-04,Jingrui Wang Pu Holdings Group Ltd. (Revived),JRWP,Eddid Securities USA,6.25,$4.00,$6.00,$31.25,TBA,S/O
2026-09-04,Legion Capital Acquisition Corp.,LCAD.U,BTIG,20.0,$10.00,$10.00,$200.00,TBA,S/O
2026-09-04,Rothe Development Corp.,TBA,Titan Partners Group,0.0,,,$50.00,TBA,S/O
2026-09-03,V Capital Consulting Group,VCCG,Craft Capital Management,7.5,$4.00,$4.00,$30.00,TBA,S/O
2026-09-02,Devonian Health (Uplisting),DHGR,ThinkEquity,3.07,$6.00,$8.00,$21.49,Wednesday,S/O
2026-09-01,Bogd FT,BOGD,D. Boral Capital,6.25,$4.00,$6.00,$31.25,TBA,S/O
2026-09-01,Hornbeck Offshore Services (Withdrawn),HOS,J.P. Morgan/ Barclays/DNB Markets/Piper Sandler/Guggenheim Securities/Raymond James,0.0,,,$100.00,Withdrawn,S/O
2026-09-01,RainRock Acquisition,RRCKU,Cohen & Company Capital Markets,15.0,$10.00,$10.00,$150.00,TBA,S/O
2026-08-31,Coolbit Technologies Ltd. (Withdrawn),CBAI,Eddid Securities USA,5.0,$4.00,$5.00,$22.50,Withdrawn,S/O
2026-08-31,Kainan Holding Group Ltd.,KHG,D. Boral Capital,4.0,$4.00,$6.00,$20.00,TBA,S/O
2026-08-31,Syntiant,SYTN,Citigroup/BofA Securities/UBS Investment Bank/Needham & Company/Stifel/Cantor/KeyBanc Capital Markets,0.0,,,$100.00,TBA,S/O
2026-08-31,Three Lions Acquisition Corp.,TLACU,EarlyBirdCapital,10.0,$10.00,$10.00,$100.00,Priced,S/O
2026-08-28,Graf Acquisition Corp. II (Re-Filed),GTOO.U,Lucid Capital Markets,22.0,$10.00,$10.00,$220.00,TBA,S/O
2026-08-28,TurboGen Ltd. (Direct Listing),TRBG,TBA,2.07,$4.42,$4.42,$9.15,Monday,S/O
2026-08-27,Inflection Point Acquisition Corp. VIII,IPHXU,Cohen & Company Capital Markets,25.0,$10.00,$10.00,$250.00,Priced,S/O
2026-08-27,Timber Road Acquisition Corp. (Withdrawn),TMRDU,Roth Capital Partners/Stone X Financial Inc.,20.0,$10.00,$10.00,$200.00,Withdrawn,S/O
2026-08-26,AM PM Group Ltd.,APGL,American Trust Investment Services/Prime Number Capital,7.5,$4.00,$5.00,$33.75,TBA,S/O
2026-08-26,Rainier Acquisition,RNAQU,Chardan,7.5,$10.00,$10.00,$75.00,Priced,S/O
2026-08-25,Advasa Holdings (Direct Listing),ADBT,WestPark Capital (Financial Advisor),0.0,$12.00,$12.00,,Priced,S/O
2026-08-25,"Capstone 72, Inc.",CAPI,ARC Group Securities,3.75,$4.00,$4.00,$15.00,TBA,S/O
2026-08-25,JATT III Acquisition (Stock-Only),JTTT,Guggenheim Securities,6.0,$10.00,$10.00,$60.00,Priced,S/O
2026-08-25,Southern Cross Acquisition II Corp.,SCATU,D. Boral Capital (ex-EF Hutton),7.5,$10.00,$10.00,$75.00,Priced,S/O
2026-08-24,Calm Chain International,CCIL,Pacific Century Securities,5.0,$5.00,$7.00,$30.00,TBA,S/O
2026-08-24,Essential Minerals Acquisition Corp.,EMACU,Cohen & Company Capital Markets,15.0,$10.00,$10.00,$150.00,TBA,S/O
2026-08-24,Kepler Group Ltd. (Revived),KPL,Cathay Securities,5.0,$6.00,$8.00,$35.00,TBA,S/O
2026-08-24,pan-Africa Corp. (Withdrawn),BLEUU,Santander,12.5,$10.00,$10.00,$125.00,Withdrawn,S/O
2026-08-24,QDM International (Uplisting),QDMI,Kingswood Capital Management/Axiom Capital Management,0.0,,,$15.00,TBA,S/O
2026-08-21,Albatross Acquisition Corp.,ATACU,Polaris (A Division of Kingswood),10.0,$10.00,$10.00,$100.00,TBA,S/O
2026-08-21,Bitari,BIAI,US Tiger Securities,4.29,$7.00,$7.00,$30.03,TBA,S/O
2026-08-21,CoVolt Power (Update),KVLT,J.P.Morgan/Jefferies/RBC Capital Markets/UBS Investment Bank,0.0,,,$100.00,TBA,S/O
2026-08-21,Dune Acquisition Corp. III,CPPGU,Clear Street,10.0,$10.00,$10.00,$100.00,TBA,S/O
2026-08-21,Little West Holdings Inc.,LILW,Craft Capital/Revere Securities,3.75,$4.00,$6.00,$18.75,TBA,S/O
2026-08-21,Timwood Holdings Ltd.,TIWD,Kingswood,6.25,$4.00,$6.00,$31.25,TBA,S/O
2026-08-21,UDynamics Ltd.,UDUD,Pacific Century Securities,5.6,$5.00,$7.00,$34.00,TBA,S/O
2026-08-20,ARC Group Acquisition II Corp.,CLMZU,ARC Group Securities,10.5,$10.00,$10.00,$105.00,TBA,S/O
2026-08-20,Chilwa Minerals Ltd. (Uplisting),CHWM,Maxim Group,0.8,$5.00,$5.00,$4.00,TBA,S/O
2026-08-20,QNB Corp. (Uplisting),QNBC,Brean Capital/Performance Trust Capital Partners,1.07,$42.00,$42.00,$45.00,Priced,S/O
2026-08-19,AfterNext Acquisition I Corp.,AFNXU,EarlyBirdCapital,10.0,$10.00,$10.00,$100.00,TBA,S/O
2026-08-19,First Breach (Direct Listing),FBDT,RBW Capital Partners (Financial Advisor),1.16,$12.00,$12.00,$14.40,Priced,S/O
2026-08-19,Gravitics – Non-Invasive Monitoring (Uplisting/Merger),GVTX,Lucid Capital Markets,8.1,$14.00,$17.00,$125.00,Week of,S/O
2026-08-18,Living Homeopathy (Withdrawn),LHI,Revere Securities,3.75,$4.00,$6.00,$19.00,Withdrawn,S/O
2026-08-18,Poche Technology,POCH,AC Sunshine Securities,6.25,$5.00,$7.00,$37.50,TBA,S/O
2026-08-17,Hall Chadwick Acquisition II,HCAXU,Cohen & Company Capital Markets,26.5,$10.00,$10.00,$265.00,TBA,S/O
2026-08-17,Karman Line Acquisition,XTERU,Cohen & Company Capital Markets,20.0,$10.00,$10.00,$200.00,Priced,S/O
2026-08-17,Lyntris,LYNX,Evercore ISI/Citigroup/Guggenheim Securities/BofA Securities/Baird/Raymond James/William Blair,17.0,$17.50,$17.50,$297.50,Priced,S/O
2026-08-17,NorthStrive Acquisition Corp. I,NSAIU,D. Boral Capital,10.0,$10.00,$10.00,$100.00,Priced,S/O
2026-08-17,Ray Maple,TBA,Eddid Securities USA,6.25,$4.00,$4.00,$25.00,TBA,S/O
2026-08-17,Rubber Leaf (Uplisting),RLEA,ARC Group Securities,6.25,$4.00,$4.00,$25.00,TBA,S/O
2026-08-17,"Varsal Tech, Inc.",VAT,R.F. Lafferty & Co.,3.0,$5.00,$6.00,$16.50,TBA,S/O
2026-08-14,"Alopexx, Inc.",ALPX,ThinkEquity,3.0,$10.00,$12.00,$33.00,TBA,S/O
2026-08-14,Gravity Acquisition,GVACU,Maxim Group LLC,25.0,$10.00,$10.00,$250.00,TBA,S/O
2026-08-13,Student Living EduVation (Holdings) Corp.,SDLV,D. Boral Capital (ex-EF Hutton),6.25,$4.00,$6.00,$31.25,TBA,S/O
2026-08-12,BirchBioMed (Direct Listing),BRBM,Maxim Group (Financial Advisor),29.9,$5.50,$5.50,$164.45,TBA,S/O
2026-08-12,Fast Finance Pay,FFPP,The Benchmark Company,3.75,$4.00,$4.00,$15.00,TBA,S/O
2026-08-12,Robinhood Ventures Fund II (Closed End),RVII,Goldman Sachs/Citigroup/J.P. Morgan/UBS/Wells Fargo Securities,8.0,$25.00,$25.00,$200.00,Priced,S/O
2026-08-12,SunScout Holding Ltd.,SNSC,Dominari Securities/Revere Securities,3.1,$5.00,$5.00,$15.50,Priced,S/O
2026-08-12,"Thunder Bridge Capital Partners V, Ltd.",TBCVU,Cantor,26.1,$10.00,$10.00,$261.00,Priced,S/O
2026-08-12,Vogenx,VOGX,Jones,6.25,$13.00,$13.00,$81.25,Priced,S/O
2026-08-11,Londian Wason New Energy Tech,FOIL,Cantor/Huatai Securities/CMB International/US Tiger Securities/Fortune (HK) Securities/VC Brokerage,4.3,$22.00,$22.00,$94.30,Priced,S/O
2026-08-10,Eaglesky Acquisition,ESA.U,Maxim Group LLC,10.0,$10.00,$10.00,$100.00,TBA,S/O
2026-08-10,GigCapital10,GIA U,D. Boral Captial,22.0,$10.00,$10.00,$220.00,TBA,S/O
2026-08-10,Gores Holdings XII,GDOZU,Santander,31.2,$10.00,$10.00,$312.00,TBA,S/O
2026-08-10,HengHong Technology,HCPC,Kingswood Capital Markets,5.0,$6.00,$7.00,$33.00,TBA,S/O
2026-08-07,Danneskjold & Galt Acquisition Co.,CPLMU,Cohen & Company Capital Markets,15.0,$10.00,$10.00,$150.00,TBA,S/O
2026-08-07,OceanLight Acquisition,OCLT,Polaris (A Division of Kingswood),10.0,$10.00,$10.00,$100.00,Priced,S/O
2026-08-07,Ticketplus,TP,Roth Capital/Bancroft Capital/MDB Capital Group,1.88,$8.00,$8.00,$15.04,Priced,S/O
2026-08-07,Zensitive Holding,TBA,Pacific Century Securities,6.25,$4.00,$4.00,$25.00,TBA,S/O
2026-08-06,KiNRG,TBA,R.F. Lafferty & Co.,3.75,$4.00,$5.00,$16.88,TBA,S/O
2026-08-06,Latigo Biotherapeutics,LTGO,Goldman Sachs/Jefferies/Leerink Partners/Guggenheim Securities,19.2,$18.00,$18.00,$345.60,Priced,S/O
2026-08-06,Lucens Capital Acquisition I,LCNS.U,EarlyBirdCapital,10.0,$10.00,$10.00,$100.00,TBA,S/O
2026-08-06,Pinnacle Acquisition Corp.,PINC.U,Santander/CIBC World Markets,20.0,$10.00,$10.00,$200.00,Priced,S/O
2026-08-05,Braveheart Bio,BRVE,Goldman Sachs/Jefferies/TD Cowen/Stifel/Cantor,21.25,$18.00,$18.00,$382.50,Priced,S/O
2026-08-04,Attovia Therapeutics,ATTO,Morgan Stanley/Leerink Partners/Citigroup/RBC Capital Markets/LifeSci Capital,17.0,$17.00,$17.00,$289.00,Priced,S/O
2026-08-04,BlossomHill Therapeutics,BLSM,J.P.Morgan/Leerink Partners/Guggenheim Securities/LifeSci Capital/H.C. Wainwright,9.38,$16.00,$16.00,$150.00,Priced,S/O
2026-08-04,Luminous Acquisition,LUMIU,ARC Group Securities,10.5,$10.00,$10.00,$105.00,TBA,S/O
2026-08-04,TCGX Acquisition (Stock-Only),TCGX,Jefferies,7.5,$10.00,$10.00,$75.00,Priced,S/O
2026-08-03,1776 Acquisition Corp.,SVSXU,Clear Street,15.0,$10.00,$10.00,$150.00,TBA,S/O
2026-08-03,ARC Group Securities Acquisition I,FJDIU,ARC Group Securities,10.5,$10.00,$10.00,$105.00,Priced,S/O
2026-08-03,BOA Acquisition Corp. II,THEOU,D. Boral Capital (ex-EF Hutton),12.5,$10.00,$10.00,$125.00,Priced,S/O
2026-08-03,Fitness Fanatics Limited,FIT,Craft Capital,7.0,$4.00,$6.00,$35.00,TBA,S/O
2026-08-03,Suchness Tech,SUCH,Joseph Stone Capital,5.0,$5.00,$7.00,$35.00,TBA,S/O
2026-07-31,East West Ave Acquisition Corp.,EWAVU,D. Boral Capital,10.0,$10.00,$10.00,$100.00,Priced,S/O
2026-07-31,GX Acquisition III,GXTRU,Cohen & Company Capital Markets,20.0,$10.00,$10.00,$200.00,TBA,S/O
2026-07-31,Nuclea Energy (Withdrawn),NCLA,Joseph Gunnar & Co.,5.6,$8.00,$10.00,$50.40,Withdrawn,S/O
2026-07-30,Apnimed,APMD,BofA Securities/Evercore ISI/Cantor/LifeSci Capital,12.0,$16.00,$16.00,$192.00,Priced,S/O
2026-07-30,Churchill Capital XIII,XIIIU,Citigroup,36.0,$10.00,$10.00,$360.00,Priced,S/O
2026-07-30,Game Your Game (Direct Listing),GYGY,Maxim Group (Financial Advisor),16.07,$8.00,$8.00,$128.56,Thursday,S/O
2026-07-29,Jersey Mike’s Subs Inc.,JMKE,Morgan Stanley/Jefferies/J.P.Morgan/Barclays/Guggenheim Securities/BofA Securities/Goldman Sachs/Evercore ISI/UBS Investment Bank/Baird/Wells Fargo Securities/William Blair/RBC Capital Markets/Deutsche Bank/Wolfe Nomura Alliance/Piper Sandler/Raymond James/Stifel/TD Securities/BTIG/Mizuho Securities/Societe Generale/Truist Securities,43.48,$23.00,$23.00,$1000.00,Priced,S/O
2026-07-29,Reformation Inc.,REF,J.P.Morgan/Morgan Stanley/Citigroup/RBC Capital Markets/Guggenheim Securities/Baird/William Blair/BTIG/Telsey Advisory Group,14.06,$15.00,$15.00,$210.90,Priced,S/O
2026-07-28,IMC Rare Earths Ltd.,IMC,Roberts & Ryan/Revere Securities,4.0,$5.00,$5.00,$20.00,Priced,S/O
2026-07-27,Catalyst Acquisition Corp.,CATLU,Santander,20.0,$10.00,$10.00,$200.00,Priced,S/O
2026-07-27,YPF Energia Electrica S.A. (Dual Listing),YLUZ,Goldman Sachs/BofA Securities/Citigroup/BNP Paribas/Itau BBA/J.P. Morgan/Santander,0.0,,,$100.00,TBA,S/O
2026-07-24,EvoAir Holdings (NASDAQ Uplisting),EVOH,Network 1 Financial Securities,7.5,$4.00,$5.00,$33.75,TBA,S/O
2026-07-23,Market Technology Acquisition Corp.,MTAKU,BTIG,20.0,$10.00,$10.00,$200.00,Priced,S/O
2026-07-23,Pelican Acquisition Corp. II,PLCIU,EarlyBirdCapital,7.5,$10.00,$10.00,$75.00,Priced,S/O
2026-07-23,"Scribe Therapeutics, Inc.",SCTX,Leerink Partners/Goldman Sachs/Guggenheim Securities/Wells Fargo Securities,8.58,$15.00,$15.00,$128.70,Priced,S/O
2026-07-23,Tong Ying Group,TYG,Joseph Stone Capital,0.0,,,$10.00,TBA,S/O
2026-07-21,ARC Group Securities Acquisition II,FDARU,ARC Group Securities,10.0,$10.00,$10.00,$100.00,TBA,S/O
2026-07-21,Pine Tree Acquisition Corp.,PAXGU,Maxim Group,10.0,$10.00,$10.00,$100.00,TBA,S/O
2026-07-20,B&R Technology Merger Corp. (Priced),BRTMU,Citigroup,32.5,$10.00,$10.00,$325.00,Priced,S/O
2026-07-20,Southern Cross Acquisition I Corp.,NCOOU,D. Boral Capital (ex-EF Hutton),10.0,$10.00,$10.00,$100.00,Priced,S/O
2026-07-17,Genneia S.A.,GENN,Morgan Stanley/BTG Pactual/BofA Securities/J.P. Morgan/Latin Securities,0.0,,,$100.00,TBA,S/O
2026-07-17,Ionic Digital (NASDAQ Direct Listing),IOND,J.P. Morgan/Jefferies/BTIG,10.8,$53.00,$53.00,$572.40,Priced,S/O
2026-07-16,AMR Resources Acquisition,AMACU,BTIG,25.0,$10.00,$10.00,$250.00,Priced,S/O
2026-07-16,Phalanx Acquisition Corp. I,PHAXU,Cantor,17.5,$10.00,$10.00,$175.00,TBA,S/O
2026-07-15,"Csquare, Inc.",CSQR,Morgan Stanley/TD Securities/Wells Fargo Securities/BofA Securities/BMO Capital Markets/Scotiabank/Jefferies/J.P.Morgan/RBC Capital Markets/Societe Generale,50.0,$21.00,$21.00,$1050.00,Priced,S/O
2026-07-15,QumulusAI (Direct Listing),QMLS,Chardan Capital Markets (Financial Advisor),39.47,$13.08,$13.08,,Priced,S/O
2026-07-15,"Standard Nuclear, Inc.",STDN,BofA Securities/Goldman Sachs/Barclays/UBS Investment Bank/Evercore ISI/RBC Capital Markets/ William Blair/Stifel,10.0,$15.00,$15.00,$150.00,Priced,S/O
2026-07-15,Web3Labs Global Inc.,MDAT,Eddid Securities USA,6.25,$4.00,$5.00,$28.13,Week of,S/O
2026-07-14,Tarsier Pharma Ltd.,TARX,Konik Capital Partners (A Division of T.R. Winston),5.56,$8.00,$10.00,$50.04,TBA,S/O
2026-07-13,Jones Ventures INTL Acquisition 1 Corp.,JONEU,Jones Institutional Services,20.0,$10.00,$10.00,$200.00,Priced,S/O
2026-07-13,Material Resource Acquisition Corp.,MTRLU,Lucid Capital Markets,20.0,$10.00,$10.00,$200.00,TBA,S/O
2026-07-13,Research Alliance Corp. IV (Stock-Only),RACD,Leerink Partners,7.5,$10.00,$10.00,$75.00,Priced,S/O
2026-07-10,APEX Global Solutions Ltd. (WITHDRAWN),APEX,US Tiger Securities,3.75,$4.00,$4.00,$15.00,Withdrawn,S/O
2026-07-10,Samos Energy Acquisition,SAMO.U,Cantor,20.0,$10.00,$10.00,$200.00,Priced,S/O
2026-07-10,Sin Lian Seng Construction,ININ,Kingswood Capital Markets,6.25,$4.00,$5.00,$28.00,TBA,S/O
2026-07-10,SK hynix (NASDAQ Uplisting),SKHY,BofA Securities/Citigroup/Goldman Sachs/J.P. Morgan/Cantor/Mizuho Securities/ Needham & Company/RBC Capital Markets/Rosenblatt/Stifel/Wedbush Securities/William Blair/Wolfe/Nomura Alliance,177.9,$149.00,$149.00,$26507.10,Priced,S/O
2026-07-10,"Tailored Brands, Inc.",MENW,Goldman Sachs/Morgan Stanley/Jefferies/BofA Securities/Evercore ISI/Guggenheim Securities/Wells Fargo Securities/Baird/Stifel,0.0,,,$100.00,TBA,S/O
2026-07-08,Cloud Data Holdings (Withdrawn),CDN,Cathay Securities,3.75,$4.00,$4.50,$15.94,Withdrawn,S/O
2026-07-08,Columbus Circle Capital Corp. III,CCCTU,Cohen & Company Capital Markets/Clear Street,20.0,$10.00,$10.00,$200.00,Priced,S/O
2026-07-08,INFINT Acquisition Corp. 2 (Withdrawn),TBA,Roth Capital Partners,10.0,$10.00,$10.00,$100.00,Withdrawn,S/O
2026-07-07,Freedom Metals Acquisition Corp.,FDMMU,Cohen & Company Capital Markets/Clear Street,27.5,$10.00,$10.00,$275.00,Priced,S/O
2026-07-06,Bleichroeder Acquisition Corp. III,BCCQU,Cohen & Company Capital Markets,30.0,$10.00,$10.00,$300.00,Priced,S/O
2026-07-02,Ares Acquisition Corp. III,AAC.U,J.P.Morgan/Jefferies,34.5,$10.00,$10.00,$345.00,Priced,S/O
2026-07-02,Cumberland Farms Ltd.,CMBY,BofA Securities/Goldman Sachs/Jefferies/Barclays/J.P.Morgan/Wells Fargo Securities/Deutsche Bank Securities/ UBS Investment Bank//BNP Paribas/Rabo Bank/TD Securities/Raymond James,0.0,,,$100.00,TBA,S/O
2026-07-02,Gold Mountain Acquisition Corp.,GDMTU,EarlyBirdCapital,7.5,$10.00,$10.00,$75.00,TBA,S/O
2026-07-02,Laris Growth Acquisition Corp.,LARSU,BTIG,20.0,$10.00,$10.00,$200.00,TBA,S/O
2026-07-02,Mercator Acquisition Corp.,MRCOU,Clear Street,15.0,$10.00,$10.00,$150.00,Priced,S/O
2026-07-01,Idaho Copper (Uplisting),COPR,ThinkEquity,3.71,$4.85,$4.85,$18.00,Priced,S/O
2026-07-01,Lime (Neutron Holdings),LIME,Goldman Sachs/J.P. Morgan/Jefferies/Evercore ISI/Citizens JMP/KeyBanc Capital Markets,6.96,$25.00,$25.00,$174.00,Priced,S/O
2026-07-01,Viking Acquisition Corp. II,VII.U,Cohen & Company Capital Markets,20.0,$10.00,$10.00,$200.00,Priced,S/O
2026-06-30,Bending Spoons S.p.A.,BSP,Goldman Sachs/J.P.Morgan/Allen & Company/Wells Fargo Securities/BofA Securities/Jefferies/Evercore ISI/BNP Paribas/Mizuho Securities/Societe Generale/Credit Agricole CIB/Intesa Sanpaolo/UniCredit Capital Markets/Banca Akros - Gruppo Banco BPM,57.97,$29.00,$29.00,$1681.13,Priced,S/O
2026-06-30,ITG,ITG,Morgan Stanley/Citigroup/UBS Investment Bank/Stifel/BofA Securities/Baird/Santander/KeyBanc Capital Markets/Truist Securities,19.51,$16.00,$16.00,$312.16,Priced,S/O
2026-06-30,Osprey Acquisition Corp. III,OSPRU,Cantor,26.1,$10.00,$10.00,$261.00,Priced,S/O
2026-06-25,DSC Holdings Ltd.,DSC,Deutsche Bank Securities/CICC/CR Global Markets,3.0,$17.00,$17.00,$51.00,Priced,S/O
2026-06-25,Sinda Ltd.,SIND,Morgan Stanley/Scotiabank/BMO Capital Markets/Canaccord Genuity/Citigroup/RBC Capital Markets,17.75,$12.00,$12.00,$213.00,Priced,S/O
2026-06-24,Alpex Acquisition Corp.,ALPXU,D. Boral Capital,10.0,$10.00,$10.00,$100.00,Priced,S/O
2026-06-24,Cartesian Growth Corp. IV,CGCFU,Cantor,25.0,$10.00,$10.00,$250.00,Priced,S/O
2026-06-24,Doncasters Group – DPC Holdings Limited,DPC,Jefferies/Morgan Stanley/Barclays/Moelis & Co./RBC Capital Markets/Rothschild,27.86,$33.00,$33.00,$919.38,Priced,S/O
2026-06-24,Hoya Acquisition I Corp.,TBA,Chardan Capital Markets,10.0,$10.00,$10.00,$100.00,TBA,S/O
2026-06-24,Kilcoy Global Foods Ltd. (Withdrawn),KGF,Citigroup/Morgan Stanley,0.0,,,$100.00,Withdrawn,S/O
2026-06-24,Safepoint Holdings (Withdrawn),SFPT,Deutsche Bank Securities/Morgan Stanley/Keefe Bruyette Woods/Citizens Capital/Piper Sandler/Truist Securities/William Blair,16.67,$15.00,$17.00,$266.72,Withdrawn,S/O
2026-06-23,CopperTech Metals (Postponed),CUX,Citigroup/Cantor/BMO Capital Markets/RBC Capital Markets/TD Securities/Stifel/William Blair,23.53,$16.00,$18.00,$400.00,Postponed,S/O
2026-06-22,Gores Holdings XI,GHXIU,Santander,31.2,$10.00,$10.00,$312.00,Priced,S/O
2026-06-17,Deep Fission,FISN,Benchmark (StoneX)/Seaport Global Securities/Maxim Group,2.5,$16.00,$16.00,$40.00,Priced,S/O
2026-06-17,First Carolina Financial Services,FCBM,"Keefe, Bruyette & Woods (A Stifel Company)",5.5,$12.50,$12.50,$68.75,Priced,S/O
2026-06-17,Kardigan,KARD,J.P.Morgan/Jefferies/Leerink Partners/TD Cowen,25.0,$16.00,$16.00,$400.00,Priced,S/O
2026-06-17,Wilco 63,WLCOU,Cantor,20.0,$10.00,$10.00,$200.00,Priced,S/O
2026-06-16,Cantor Equity Partners VII (Stock-Only),CAES,Cantor,25.0,$10.00,$10.00,$250.00,Priced,S/O
2026-06-15,Bridge III Acquisition,BDDDU,Kingswood Capital Markets,10.0,$10.00,$10.00,$100.00,TBA,S/O
2026-06-15,Yorkville International Capital Corp.,YICCU,Cohen & Company Capital Markets,20.0,$10.00,$10.00,$200.00,Priced,S/O
2026-06-11,Club Versante Group Ltd.,CADV,Joseph Stone Capital,2.0,$4.00,$6.00,$10.00,Withdrawn,S/O
2026-06-11,Entrata,ENT,Goldman Sachs/J.P.Morgan/Barclays/BofA Securities/Needham & Company/Raymond James/UBS Investment Bank/Wells Fargo Securities/William Blair/KeyBanc Securities/Stephens Inc./Truist Securities,0.0,,,$100.00,TBA,S/O
2026-06-11,Space Exploration Technologies (SpaceX),SPCX,Goldman Sachs/Morgan Stanley/BofA Securities/Citigroup/J.P. Morgan/Barclays/Deutsche Bank Securities/RBC Capital Markets/UBS Investment Bank/Wells Fargo Securities/Allen & Company/Cantor/Needham & Company/Raymond James/Societe Generale/Stifel/William Blair/BTG Pactual/ING/Macquarie Capital/Mirae Asset Securities/Mizuho/Santander,555.56,$135.00,$135.00,$75000.00,Priced,S/O
2026-06-10,American Ventures Acquisition I,AVAC,JonesTrading/D. Boral Capital,20.0,$5.00,$5.00,$100.00,TBA,S/O
2026-06-10,Helio Corp. (NYSE-AmEx Uplisting – Unit Deal),HLEO,ThinkEquity,3.33,$4.00,$5.00,$15.00,Withdrawn,S/O
2026-06-10,MetaOptics (Uplisting),MOT,Roth Capital Partners/The Benchmark Company,3.0,$5.00,$7.00,$18.00,Week of,S/O
2026-06-10,RMG ML Sports Holdings,SHOTU,Santander,20.0,$10.00,$10.00,$200.00,Priced,S/O
2026-06-09,"ERock, Inc.",EROC,Morgan Stanley/J.P. Morgan/Barclays/BofA Securities/Evercore ISI/Wolfe Nomura Alliance/BNP Paribas,27.91,$21.50,$21.50,$600.07,Priced,S/O
2026-06-09,JAB Acquisition Corp. I,JABRU,D. Boral Capital (ex-EF Hutton),15.0,$10.00,$10.00,$150.00,Priced,S/O
2026-06-09,Parabilis Medicines,PBLS,Leerink Partners/BofA Securities/Evercore ISI/Guggenheim Partners/LifeSci Capital,33.5,$20.00,$20.00,$670.00,Priced,S/O
2026-06-08,Forbright,FRBT,Goldman Sachs/J.P. Morgan/Barclays/Wells Fargo Securities/Piper Sandler/TD Securities/Santander/Centerview Partners,7.9,$18.00,$18.00,$142.20,Priced,S/O
2026-06-08,Ocean Capital Acquisition,OCACU,Alliance Global Partners (A.G.P.),10.0,$10.00,$10.00,$100.00,Priced,S/O
2026-06-08,Snow Rothschild Acquisition Corp.,ISNRU,Santander,20.0,$10.00,$10.00,$200.00,Priced,S/O
2026-06-08,WhiteHawk Minerals (WhiteHawk Income),WHK,Raymond James/Stifel/J.P. Morgan/Capital One Securities/Stephens,7.7,$26.00,$26.00,$200.20,Priced,S/O
2026-06-05,Spring Valley Acquisition Corp. V,TBA,Cohen & Company Capital Markets,20.0,$10.00,$10.00,$200.00,TBA,S/O
2026-06-04,Boundless Group,BLTG,US Tiger Securities,6.65,$4.00,$4.00,$26.60,TBA,S/O
2026-06-04,FutureCorp Space Acquisition I,FTRAU,Cantor,20.0,$10.00,$10.00,$200.00,Priced,S/O
2026-06-04,Futurewave Acquisition,FWACU,Polaris Advisory Partners (A Division of Kingswood),7.5,$10.00,$10.00,$75.00,Priced,S/O
2026-06-04,InterPrivate Investment Partners V,IPVVU,Cantor,17.5,$10.00,$10.00,$175.00,Priced,S/O
2026-06-04,Meridian3 Industrials Acquisition,MIACU,Cantor,17.5,$10.00,$10.00,$175.00,Priced,S/O
2026-06-04,Watu Metals Acquisition,TBA,Chardan Capital Markets,10.0,$10.00,$10.00,$100.00,TBA,S/O
2026-06-03,AmperCap Acquisition Co.,APMCU,EarlyBirdCapital,12.5,$10.00,$10.00,$125.00,Priced,S/O
2026-06-03,FF Global Holdings Ltd.,FFGG,Blue Diamond Securities of America,6.25,$4.00,$6.00,$31.00,TBA,S/O
2026-06-03,INNIO Holding GmBH,INIO,Goldman Sachs/J.P. Morgan/Morgan Stanley/BofA Securities/Barclays/Citigroup/Baird/BNP Paribas/Deutsche Bank Securities/RBC Capital Markets/UBS Investment Bank,90.0,$27.00,$27.00,$2430.00,Priced,S/O
2026-06-03,Keystone Acquisition Corp.,KEYYU,Cohen & Company Securities,25.0,$10.00,$10.00,$250.00,Priced,S/O
2026-06-03,Long Table Growth Corp.,LTGRU,Santander,15.0,$10.00,$10.00,$150.00,Priced,S/O
2026-06-03,Norient Acquisition,NORTU,ARC Group Securities,10.5,$10.00,$10.00,$105.00,TBA,S/O
2026-06-03,Sunshine Silver Mining & Refining,SSMR,Morgan Stanley/Scotiabank/BMO Capital Markets/Canaccord Genuity/Citigroup/RBC Capital Markets,20.0,$13.50,$13.50,$270.00,Priced,S/O
2026-06-02,Aeon Acquisition I Corp.,AESPU,Chardan/D. Boral Capital,12.5,$10.00,$10.00,$125.00,Priced,S/O
2026-06-01,Eloxx Pharmaceuticals (Uplist/Re-List),ELOX,Leerink Partners/Guggenheim Securities/LifeSci Capital,1.5,$10.00,$12.00,$16.50,Tuesday,S/O
2026-06-01,Envoy Technologies (Withdrawn – Direct Listing),EVOY,Roth Capital Partners,7.8,$8.00,$8.00,$62.40,Withdrawn,S/O
2026-06-01,Innovative Digital Investors Acquisition (Ex-FG Mergers III),IDIAU,ThinkEquity,12.5,$10.00,$10.00,$125.00,TBA,S/O
2026-06-01,KLA-iBotics,TBA,Cathay Securities,6.25,$4.00,$6.00,$31.25,TBA,S/O
2026-06-01,Quantinuum,QNT,"J.P. Morgan/Morgan Stanley/Jefferies/Evercore ISI/BofA Securities/UBS Investment Bank/Cantor/Mizuho Securities/Needham & Co.,/Societe Generale/TD Cowen",28.0,$60.00,$60.00,$1680.00,Priced,S/O
2026-05-29,Joybyte Holdings Ltd.,JOYB,American Trust Investment Services,6.25,$4.00,$6.00,$31.00,TBA,S/O
2026-05-29,Liftoff Mobile (April 2026),LFTO,Goldman Sachs/Jefferies/Morgan Stanley/Barclays/RBC Capital Markets/UBS Investment Bank/Wells Fargo Securities/William Blair/Cantor/Deutsche Bank Securities/PJT Partners/Wolfe | Nomura Alliance/BTIG/Needham & Company/Raymond James,19.0,$23.00,$23.00,$437.00,Priced,S/O
2026-05-28,Tribeca Strategic Acquisition Corp.,BIDWU,BTIG,14.0,$10.00,$10.00,$140.00,Priced,S/O
2026-05-27,Powerlaw (Direct Listing),PWRL,Stifel (Financial Advisor),43.24,,,,Priced,S/O
2026-05-26,Applied Aerospace & Defense,AADX,Morgan Stanley/Jefferies/BofA Securities/RBC Capital Markets/Guggenheim Securities/Baird/Stifel/WR Securities/Nomura Securities,32.5,$20.00,$20.00,$650.00,Priced,S/O
2026-05-26,Disciplined Growth Acquisition,DGACU,Maxim Group,15.0,$10.00,$10.00,$150.00,Priced,S/O
2026-05-21,BTECH,BTECHU,D. Boral Capital (ex-EF Hutton),20.0,$10.00,$10.00,$200.00,TBA,S/O
2026-05-21,BurTech Acquisition Corp. II,BRKHU,D. Boral Capital (ex-EF Hutton),8.0,$10.00,$10.00,$80.00,Priced,S/O
2026-05-21,EvoNexus Group Ltd.,EVON,Kingswood Capital Markets,6.25,$4.00,$4.00,$25.00,TBA,S/O
2026-05-21,Lannister Mining Corp.,DRIL,Joseph Gunnar & Co./Research Capital,3.0,$5.00,$5.00,$15.00,TBA,S/O
2026-05-20,Aperture AC,APURU,IB Capital/EarlyBirdCapital/I-Bankers Securities,9.0,$10.00,$10.00,$90.00,Priced,S/O
2026-05-20,FortuneX Acquisition Corp.,FXACU,Polaris (A Division of Kingswood),7.5,$10.00,$10.00,$75.00,Priced,S/O
2026-05-20,Oceanhawk Acquisition Corp.,OHACU,The Benchmark Company (StoneX),16.0,$10.00,$10.00,$160.00,Priced,S/O
2026-05-20,Optimi Health (Uplisting),OPTH,Joseph Gunnar & Co.,2.4,$6.25,$6.25,$15.00,Priced,S/O
2026-05-20,Vistek Limited (Withdrawn),VTEK,Bancroft Capital,6.25,$4.00,$6.00,$31.00,Withdrawn,S/O
2026-05-19,Research Alliance III (Stock-Only SPAC),RACC,Leerink Partners,7.5,$10.00,$10.00,$75.00,Priced,S/O
2026-05-18,Aeon Acquisition I Corp.,AESPU,Chardan/D. Boral Capital (ex-EF Hutton),12.5,$10.00,$10.00,$125.00,TBA,S/O
2026-05-18,Amanat Acquisition (Stock-Only),AMAN,Leerink Partners,7.5,$10.00,$10.00,$75.00,Priced,S/O
2026-05-18,AMASS Brands (Direct Listing),AMSS,Maxim (Financial Advisor),14.29,$8.98,$8.98,$128.32,Wednesday,S/O
2026-05-15,Forbright,FRBT,Goldman Sachs/J.P. Morgan/Barclays/Wells Fargo Securities/Piper Sandler/TD Securities/Santander/Centerview Partners,0.0,,,$100.00,TBA,S/O
2026-05-14,Duke Robotics Corp. (Uplisting/Units),DUKR,Maxim Group,1.13,$8.20,$8.20,$9.28,Priced,S/O
2026-05-14,Energy Transition Special Opportunities,ETSS,Cohen & Company Capital Markets,15.0,$10.00,$10.00,$150.00,Priced,S/O
2026-05-14,Exyn Technologies (Unit IPO),EXYN,Lucid Capital Markets,2.5,$7.75,$7.75,$19.40,Priced,S/O
2026-05-14,VIDA Global (Brief),VIDA,The Benchmark Company,3.75,$4.00,$4.00,$15.00,Priced,S/O
2026-05-13,Blackstone Digital Infrastructure Trust,BXDC,Goldman Sachs/Citigroup/Morgan Stanley/Barclays/BofA Securities/Deutsche Bank Securities/J.P. Morgan/RBC Capital Markets/ Wells Fargo Securities/BNP Paribas/SMBC Nikko/Societe Generale/BBVA/Credit Agricole CIB/MUFG Securities America/Santander/TD Securities,87.5,$20.00,$20.00,$1750.00,Priced,S/O
2026-05-13,Breeze Acquisition Corp. II,BREZU,IB Capital/I-Bankers Securities,12.5,$10.00,$10.00,$125.00,Priced,S/O
2026-05-13,Cerebras Systems Inc. (2026),CBRS,Morgan Stanley/Citigroup/Barclays/UBS Investment Bank/Mizuho Securities/TD Securities,30.0,$185.00,$185.00,$5550.00,Priced,S/O
2026-05-13,"EagleRock Land, LLC",EROK,Goldman Sachs/Barclays/J.P.Morgan/Piper Sandler/Raymond James/KeyBanc Capital Markets/Pickering Energy Partners/Stephens Inc./Texas Capital Securities,17.3,$18.50,$18.50,$320.05,Priced,S/O
2026-05-13,GSR V Acquisition Corp.,GSRVU,Polaris (A Division of Kingswood Capital)/Benchmark (A StoneX Company),20.0,$10.00,$10.00,$200.00,Priced,S/O
2026-05-13,Patriot Acquisition Corp./CI,PATR,"Keefe, Bruyette & Woods (A Stifel Company)",16.0,$10.00,$10.00,$160.00,Priced,S/O
2026-05-13,Ultratrex (Withdrawn),UTX,Craft Capital Management,1.25,$4.00,$6.00,$6.25,Withdrawn,S/O
2026-05-12,GMR Solutions,GMRS,J.P.Morgan/KKR/BofA Securities/Barclays/Goldman Sachs/Citigroup/Evercore ISI/Morgan Stanley/UBS Investment Bank,31.91,$15.00,$15.00,$478.72,Priced,S/O
2026-05-11,Conexeu Sciences (Direct Listing),CNXU,H.C. Wainwright (Financial Advisor),9.5,$13.50,$13.50,$128.25,Priced,S/O
2026-05-11,Fervo Energy Co.,FRVO,J.P.Morgan/BofA Securities/RBC Capital Markets/Barclays/Baird/BBVA/Guggenheim Securities/MUFG Securities America/SG Americas Securities/William Blair/Piper Sandler/Wolfe Nomura Alliance,70.0,$27.00,$27.00,$1890.00,Priced,S/O
2026-05-11,Iron Dome Acquisition I Corp.,IDACU,Santander,15.0,$10.00,$10.00,$150.00,Priced,S/O
2026-05-11,Lincoln International,LCLN,Goldman Sachs/Morgan Stanley/BMO Capital Markets/Citizens Capital Markets/Evercore ISI,21.05,$20.00,$20.00,$421.00,Priced,S/O
2026-05-11,"Micware Co., Ltd.",MWC,A.G.P.,2.85,$8.00,$8.00,$22.80,Priced,S/O
2026-05-11,VIDA Global,VIDA,Benchmark (A StoneX Company),3.33,$4.50,$5.00,$15.82,TBA,S/O
2026-05-07,AiXin Life International,AIXN,Network 1 Financial Securities,2.38,$4.00,$4.00,$9.50,Withdrawn,S/O
2026-05-07,Odyssey Therapeutics,ODTX,J.P. Morgan/TD Cowen/Cantor,15.5,$18.00,$18.00,$279.00,Priced,S/O
2026-05-07,Starlink AI Acquisition,OTAI.U,A.G.P.,10.0,$10.00,$10.00,$100.00,Priced,S/O
2026-05-06,AIAI Holdings Corp. (Direct Listing),AIAI,RBW Capital Partners (Financial Advisor),69.48,$20.00,$20.00,$1389.60,Thursday,S/O
2026-05-06,Shreya Acquisition Group,SAGUU,D. Boral Capital,10.0,$10.00,$10.00,$100.00,Priced,S/O
2026-05-06,"Suja Life, Inc.",SUJA,Goldman Sachs/Jefferies/William Blair/BofA Securities/Evercore ISI,8.89,$21.00,$21.00,$186.69,Priced,S/O
2026-05-06,Xinxu Copper Industry Technology Ltd.,XXC,Craft Capital/ R.F. Lafferty & Co.,0.0,,,$15.00,Withdrawn,S/O
2026-05-05,EUPEC International Group Ltd.,EUPX,R.F. Lafferty & Co.,3.75,$4.00,$4.00,$15.00,Withdrawn,S/O
2026-05-05,"NeuroSpectrum Insights, Inc.",NSIH,Network 1 Financial Securities,3.75,$4.00,$5.00,$16.88,TBA,S/O
2026-05-05,Rare Earths Americas,REA,Cantor/Stifel,3.33,$19.00,$19.00,$63.33,Priced,S/O
2026-05-05,Vernal Capital Acquisition Corp.,VECAU,D. Boral Capital (ex-EF Hutton),10.0,$10.00,$10.00,$100.00,Priced,S/O
2026-05-04,Akston Biosciences,AXTN,ThinkEquity,2.2,$8.00,$10.00,$19.80,TBA,S/O
2026-05-04,Mobia Medical,MOBI,BofA Securities/J.P. Morgan/Goldman Sachs/BTIG/Wolfe Nomura Alliance,10.0,$15.00,$15.00,$150.00,Priced,S/O
2026-05-01,CCIS Acquisition Corp.,CCACU,Benjamin Securities,6.0,$10.00,$10.00,$60.00,Withdrawn,S/O
2026-04-30,ARC Group Acquisition I,ARBCU,ARC Group Securities/IB Bankers,10.5,$10.00,$10.00,$105.00,Priced,S/O
2026-04-30,C4 Natural Solutions,MTNE,Santander,20.0,$10.00,$10.00,$200.00,Priced,S/O
2026-04-30,"Hemab Therapeutics Holdings, Inc.",COAG,Goldman Sachs/Jefferies/Evercore ISI,16.75,$18.00,$18.00,$301.50,Priced,S/O
2026-04-29,Avalyn Pharma,AVLN,Morgan Stanley/Jefferies/Evercore ISI/Guggenheim Securities,16.67,$18.00,$18.00,$300.06,Priced,S/O
2026-04-29,Collective Acquisition Corp. II,CAIIU,Clear Street,22.0,$10.00,$10.00,$220.00,Priced,S/O
2026-04-29,General Catalyst Global Resilience Merger,GCGRU,Citigroup,35.0,$10.00,$10.00,$350.00,Priced,S/O
2026-04-29,RRE Ventures Acquisition Corp.,RREVU,Cohen & Company Capital Markets,25.0,$10.00,$10.00,$250.00,Priced,S/O
2026-04-29,Silver Bow Mining Corp.,SBMT,Cantor/Research Capital/Joseph Gunnar/Roth Capital Markets/R.F. Lafferty & Co.,5.2,$11.50,$11.50,$59.80,Priced,S/O
2026-04-28,AsiaFIN Holdings (Uplisting),ASFH,Aegis Capital Corp.,3.8,$4.00,$6.00,$19.00,TBA,S/O
2026-04-28,Churchill Capital Corp. XII,CXIIU,Citigroup,36.0,$10.00,$10.00,$360.00,Priced,S/O
2026-04-28,Irenic Acquisition Corp.,IACQU,Jefferies,22.0,$10.00,$10.00,$220.00,Priced,S/O
2026-04-28,Pershing Square USA/Pershing Square Inc. (Closed-End Fund),PSUS/PS,"Citigroup/UBS Investment Bank/BofA Securities/Jefferies/Wells Fargo Securities/RBC Capital Mrkets/BTG Pactual/Keefe, Bruyette & Woods/Academy Securities/Huntington Securities/Loop Capital/Oppenheimer/Piper Sandler/Roberts & Ryan/Wedbush Securities",100.0,$50.00,$50.00,$5000.00,Priced,S/O
2026-04-28,Quantum Leap Acquisition Corp.,QLEPU,A.G.P. (Alliance Global Partners),20.0,$10.00,$10.00,$200.00,Priced,S/O
2026-04-27,Berto Acquisition Corp. II,GUACU,Needham & Co.,27.4,$10.00,$10.00,$274.00,Priced,S/O
2026-04-27,"HawkEye 360, Inc.",HAWK,Goldman Sachs/Morgan Stanley/RBC Capital Markets/Jefferies/BofA Securities/Baird/Raymond James/William Blair,16.0,$26.00,$26.00,$416.00,Priced,S/O
2026-04-27,Seaport Therapeutics,SPTX,Goldman Sachs/J.P.Morgan/Leerink Partners/Citigroup/Stifel,14.16,$18.00,$18.00,$254.88,Priced,S/O
2026-04-27,Uptrend Holdings,UPX,Blue Diamond Securities of America,6.3,$4.00,$5.00,$28.35,TBA,S/O
2026-04-23,Lakewood-Amedex Biotherapeutics (Direct Listing),LABT,RBW Capital Partners (Financial Advisor),4.7,$8.00,$8.00,$37.60,Priced,S/O
2026-04-23,Sky Acquisition Group,SKAIU,Cohen & Company Capital Markets/Maxim Group,15.0,$10.00,$10.00,$150.00,TBA,S/O
2026-04-23,X-Energy,XE,J.P.Morgan/Morgan Stanley/Jefferies/Moelis & Co./Cantor/UBS Investment Bank/TD Cowen Securities/Guggenheim Securities/Wolfe/Nomura Alliance,44.25,$23.00,$23.00,$1017.75,Priced,S/O
2026-04-22,"Liberty Defense Holdings, Ltd. (Uplisting)",DETX,Benchmark (A StoneX Company),3.67,$4.50,$4.50,$16.51,Priced,S/O
2026-04-22,The Elmet Group Co.,ELMT,Cantor/Needham & Co./Canaccord Genuity/Roth Capital Partners,8.6,$14.00,$14.00,$120.40,Priced,S/O
2026-04-21,National Healthcare Properties,NHP,Wells Fargo Securities/Morgan Stanley/BMO Capital Markets/Goldman Sachs/RBC Capital Markets/Baird/Capital One Securities/Citizens Capital Markets/Fifth Third Securities/Huntington Capital Markets/KeyBanc Capital Markets,38.5,$12.00,$12.00,$462.00,Priced,S/O
2026-04-21,Plutonian Acquisition Corp. II,PLUNU,A.G.P.,10.0,$10.00,$10.00,$100.00,Priced,S/O
2026-04-17,Jatt II Acquisition Corp. (Stock-Only SPAC),JATT,Guggenheim Securities,6.0,$10.00,$10.00,$60.00,Priced,S/O
2026-04-16,Aevex Corp.,AVEX,Goldman Sachs/BofA Securities/Jefferies/J.P.Morgan/RBC Capital Markets/Baird/William Blair/Raymond James/Needham & Co.,16.0,$20.00,$20.00,$320.00,Priced,S/O
2026-04-16,Kailera Therapeutics,KLRA,J.P. Morgan/Jefferies/Leerink Partners/TD Cowen/Evercore ISI/William Blair,39.06,$16.00,$16.00,$624.96,Priced,S/O
2026-04-15,"Arxis, Inc.",ARXS,Goldman Sachs/Morgan Stanley/Jefferies/Citigroup/RBC Capital Markets/Baird/Guggenheim Securities/Wells Fargo Securities/William Blair/Rothschild/Wolfe Nomura Alliance,40.5,$28.00,$28.00,$1134.00,Priced,S/O
2026-04-14,American Battery Materials (Uplisting),BLTH,ThinkEquity,2.5,$6.00,$6.00,$15.00,TBA,S/O
2026-04-14,Newhold Investment Corp. IV,NHIVU,BTIG,17.5,$10.00,$10.00,$175.00,Priced,S/O
2026-04-14,Pacipic Nexus IntelliTech Group,PNIG,Cathay Securities,5.0,$4.00,$5.00,$22.50,TBA,S/O
2026-04-13,Alamar Biosciences,ALMR,J.P.Morgan/BofA Securities/TD Cowen/Leerink Partners/Stifel,11.25,$17.00,$17.00,$191.25,Priced,S/O
2026-04-13,JOSS Realty REIT,JOSS,D. Boral Capital,3.0,$4.00,$6.00,$15.00,TBA,S/O
2026-04-13,Maywood Acquisition Corp. 2,MYXXU,D. Boral Capital,10.0,$10.00,$10.00,$100.00,Priced,S/O
2026-04-13,Nicola Mining (Uplisting),NICM,Maxim Group,0.93,$6.45,$6.45,$6.00,Priced,S/O
2026-04-13,QuasarEdge Acquisition Corp.,QREDU,Polaris Advisory Partners (A Division of Kingswood),10.0,$10.00,$10.00,$100.00,Priced,S/O
2026-04-13,Yesway (2026 Filing),YSWY,Morgan Stanley/J.P. Morgan/Goldman Sachs/Barclays/BMO Capital Markets/KeyBanc Capital Markets/Guggenheim Securities/Raymond James,14.0,$20.00,$20.00,$280.00,Priced,S/O
2026-04-10,Encore,ECR,BofA Securities/Goldman Sachs/Morgan Stanley/Evercore ISI/J.P.Morgan/Jefferies/RBC Capital Markets/UBS Investment Bank/Rothschild & Co./Stifel/William Blair/Wolfe Nomura Alliance/Lion Tree/The Raine Group,0.0,,,$100.00,TBA,S/O
2026-04-09,Encore Medical Inc.,EMI,The Oak Ridge Financial Services Group,3.0,$5.00,$5.00,$15.00,Wednesday,S/O
2026-04-09,Riku Dining Group,RIKU,Eddid Securities USA,5.0,$4.00,$6.00,$25.00,Week of,S/O
2026-04-08,CSC Collective Holdings Ltd.,CSC,Z2 Capital/Revere Securities,4.5,$4.00,$5.00,$20.25,TBA,S/O
2026-04-08,Metals Royalty Co. (The)(NASDAQ Direct Listing),TMCR,Stifel (Financial Advisor),0.58,$15.00,$15.00,$8.72,Priced,S/O
2026-04-08,Subversive Bitcoin Acquisition,SBAQU,Jefferies/Canaccord Genuity,10.0,$10.00,$10.00,$100.00,TBA,S/O
2026-04-06,ACP Holdings Acquisition Corp.,ACGCU,Roth Capital Partners,20.0,$10.00,$10.00,$200.00,Priced,S/O
2026-04-06,Apogee Acquisition Corp.,AACPU,ARC Group Securities,15.0,$10.00,$10.00,$150.00,Priced,S/O
2026-04-06,Libera Gaming Operations,LBRJ,D. Boral Capital (ex-EF Hutton)/Sutter Securities,3.75,$4.00,$4.00,$15.00,TBA,S/O
2026-04-06,Madison Air Solutions,MAIR,Goldman Sachs/Barclays/Jefferies/Wells Fargo Securities/BofA Securities/Citigroup/Baird/RBC Capital Markets/Guggenheim Securities/Santander/Wolfe | Nomura Alliance/CIBC Capital Markets,82.69,$27.00,$27.00,$2232.63,Priced,S/O
2026-04-06,Mountain Crest Acquisition 6 Corp.,MCAHU,D. Boral Capital,6.0,$10.00,$10.00,$60.00,Priced,S/O
2026-04-06,Starton Holdings,STA,Revere Securities,6.7,$5.00,$7.00,$40.02,TBA,S/O
2026-04-02,Albert Origin Acquisition Corp.,ALOGU,A.G.P.,6.0,$10.00,$10.00,$60.00,TBA,S/O
2026-04-02,Churchill Capital Acquisition Corp. XII,CXIIU,Citigroup,36.0,$10.00,$10.00,$360.00,Priced,S/O
2026-04-01,"DROR-Ortho Design, Inc. (Uplisting)",DROR,Titan Capital Partners (A Division of American Capital Partners),3.64,$4.13,$4.13,$15.02,TBA,S/O
2026-04-01,FG Holdings,FGO,D. Boral Capital (ex-EF Hutton)/uSmart,3.75,$4.00,$4.00,$15.00,TBA,S/O
2026-04-01,Going International Holding Company Limited,GIT,Prime Number Capital,0.0,,,$20.00,Withdrawn,S/O
2026-03-31,Bonus Biogroup (Uplisting),BONS,D. Boral Capital (ex-EF Hutton),3.75,$4.00,$6.00,$18.75,TBA,S/O
2026-03-30,CGL Logistics,CGL,Alexander Capital/Revere Securities,3.75,$4.00,$4.00,$15.00,TBA,S/O
2026-03-30,KPET Ultra Paceline Corp.,KPET.U,Deutsche Bank Securities,20.0,$10.00,$10.00,$200.00,Priced,S/O
2026-03-27,Antharas Inc.,AAS,D. Boral Capital (ex-EF Hutton),3.33,$4.00,$5.00,$14.99,TBA,S/O
2026-03-27,QMSK Technology Co. Ltd.,QMSK,D. Boral Capital (ex-EF Hutton),6.25,$4.00,$6.00,$31.25,TBA,S/O
2026-03-26,Gravity AI,TBA,Dominari Securities/Revere Securities,3.75,$4.00,$5.00,$16.88,TBA,S/O
2026-03-26,Inflection Point Acquisition Corp. VI,IPFXU,Cantor,22.0,$10.00,$10.00,$220.00,Priced,S/O
2026-03-26,QDRO Acquisition Corp.,QADRU,Cantor,20.0,$10.00,$10.00,$200.00,Priced,S/O
2026-03-25,AsiaPac AdTechinno Group,APAT,Maxim Group,3.13,$7.00,$9.00,$25.00,TBA,S/O
2026-03-25,I Bella Perfect Inc.,IBL,Cathay Securities,3.75,$4.00,$6.00,$18.75,TBA,S/O
2026-03-25,Law’s Business Group Holding Limited,LSBA,Cathay Securities,5.0,$4.00,$6.00,$25.00,TBA,S/O
2026-03-24,Cansince Innovations,KASH,US Tiger Securities,3.0,$5.00,$5.00,$15.00,TBA,S/O
2026-03-24,Unitrend Entertainment Group (Revived),INHI,Cathay Securities,6.25,$4.00,$5.00,$28.13,TBA,S/O
2026-03-23,BW Industrial Holdings,BWGC,Eddid Securities USA,2.63,$6.00,$7.00,$17.06,Week of,S/O
2026-03-23,"Dazhe Technology Group Co., Ltd. (Stock-Only)",DZHE,TBA,10.0,$10.00,$10.00,$100.00,TBA,S/O
2026-03-23,Future Money Acquisition Corp.,FMACU,D. Boral Capital (ex-EF Hutton),10.0,$10.00,$10.00,$100.00,Priced,S/O
2026-03-23,HMH Holding Inc.,HMH,J.P. Morgan/ Piper Sandler/ Evercore ISI/ Citigroup/DNB Carnegie/Nordea/Stifel/Pickering Energy Partners,10.52,$20.00,$20.00,$210.40,Priced,S/O
2026-03-19,BHAV Acquisition,BHAVU,Maxim Group,10.0,$10.00,$10.00,$100.00,Priced,S/O
2026-03-19,Blue Water Acquisition Corp. IV,BWIV.U,BTIG,12.5,$10.00,$10.00,$125.00,Priced,S/O
2026-03-19,Guardian Metal Resources PLC (Uplisting),GMTL,BMO Capital Markets/Cantor,4.44,$13.50,$13.50,$59.94,Priced,S/O
2026-03-19,Janus Living,JAN,BofA Securities/J.P. Morgan/Wells Fargo Securities/Barclays/Goldman Sachs/RBC Capital Markets/Morgan Stanley,42.0,$20.00,$20.00,$840.00,Priced,S/O
2026-03-16,Firefly Automatix,FFLY,Roth Capital Markets/Lake Street Capital Markets,4.55,$4.50,$6.50,$25.00,Withdrawn,S/O
2026-03-16,Mclaren International Holdings,MCL,Joseph Stone Capital,4.0,$4.00,$6.00,$20.00,TBA,S/O
2026-03-16,Option Therapeutics,OPTN,ThinkEquity,1.8,$10.00,$12.00,$20.00,TBA,S/O
2026-03-13,Guident,GDNT,D. Boral Capital/Dominari Securities,3.33,$4.00,$5.00,$15.00,TBA,S/O
2026-03-13,"Swarmer, Inc.",SWMR,Lucid Capital Markets,3.0,$5.00,$5.00,$15.00,Priced,S/O
2026-03-13,Voyager Acquisition II,VAIIU,Cantor,22.0,$10.00,$10.00,$220.00,TBA,S/O
2026-03-12,Metals Acquisition Corp. II,MTAL.U,Cohen & Company Capital Markets,20.0,$10.00,$10.00,$200.00,Priced,S/O
2026-03-12,PayPay Corp.,PAYP,Goldman Sachs/J.P.Morgan/Mizuho/Morgan Stanley/Citigroup/Jefferies/BofA Securities/Societe Generale/Wolfe Nomura Alliance/Cantor/Credit Agricole CIB/Daiwa Capital Markets/Deutsche Bank Securities/Natixis/SMBC Nikko/Barclays/ING/IMI-Intesa Sanpaolo/Santander,55.0,$16.00,$16.00,$880.00,Priced,S/O
2026-03-12,Pono Capital Four,PONOU,D. Boral Capital (ex-EF Hutton),12.0,$10.00,$10.00,$120.00,Priced,S/O
2026-03-11,BEST SPAC II Acquisition Corp.,BSABU,Maxim Group,10.0,$10.00,$10.00,$100.00,TBA,S/O
2026-03-11,"Seahawk Recycling Holdings, Inc.",SEAH,Cathay Securities,3.75,$4.00,$6.00,$18.75,TBA,S/O
2026-03-11,Suma Acquisition Corp.,SUMAU,Seaport Global Securities,15.0,$10.00,$10.00,$150.00,Priced,S/O
2026-03-10,FreeCast (Direct Listing),CAST,Maxim Group (Financial Advisor),19.8,$33.00,$33.00,$653.40,Priced,S/O
2026-03-10,MDA Space Ltd. (Uplisting),MDA,J.P.Morgan/RBC Capital Markets/BMO Capital Markets/Deutsche Bank Securities/Jefferies/Scotia Capital/Canaccord Genuity,9.84,$30.50,$30.50,$300.12,Priced,S/O
2026-03-10,Yesil Global Enerji A.S.,PWRU,D. Boral Capital,0.0,,,$86.00,TBA,S/O
2026-03-09,West Enclave Merger Corp.,WENC.U,EarlyBirdCapital,10.0,$10.00,$10.00,$100.00,Priced,S/O
2026-03-06,Invea Therapeutics (Withdrawn),INAI,BofA Securities/ Citigroup/ Truist Securities,0.0,,,$75.00,Withdrawn,S/O
2026-03-06,"MiniMed Group, Inc.",MMED,Goldman Sachs/BofA Securities/Citigroup/Morgan Stanley/Barclays/Deutsche Bank Securities/Mizuho/Wells Fargo Securities/,28.0,$20.00,$20.00,$560.00,Priced,S/O
2026-03-05,Hyperides Holdings Ltd.,HYRD,Maxim Group,0.0,,,$15.00,TBA,S/O
2026-03-03,GalaxyEdge Acquisition Corp.,GLED.U,Kingswood Capital Markets,10.0,$10.00,$10.00,$100.00,Priced,S/O
2026-03-03,Kensington Capital Acquisition Corp. VI,KCAC.U,Cohen & Company Capital Markets/Drexel,20.0,$10.00,$10.00,$200.00,Priced,S/O
2026-02-27,Billion Group Holdings (Withdrawn),BGHL,American Trust Investment Services,1.5,$4.00,$6.00,$7.50,Withdrawn,S/O
2026-02-27,Farlong Holding,AFA,US Tiger Securities,4.0,$4.00,$4.00,$16.00,TBA,S/O
2026-02-27,TDE Group Ltd.,TTEI,WallachBeth Capital,3.0,$5.00,$6.00,$16.50,TBA,S/O
2026-02-26,Birchtech (Uplisting),BCHT,Lake Street Capital/Huntington Investment,6.25,$2.40,$2.40,$15.00,Priced,S/O
2026-02-26,CH4 Natural Solutions Acquisition Corp.,MTNE.U,Santander US Capital Markets,30.0,$10.00,$10.00,$300.00,TBA,S/O
2026-02-26,Generate Biomedicines,GENB,Goldman Sachs/Morgan Stanley/Piper Sandler/Guggenheim Securities/Cantor,25.0,$16.00,$16.00,$400.00,Priced,S/O
2026-02-26,Illumination Acquisition Corp. I,ILLUU,BTIG,20.0,$10.00,$10.00,$200.00,Priced,S/O
2026-02-25,APEX Tech Acquisition,TRADU,Alliance Global Partners/A.G.P.,10.0,$10.00,$10.00,$100.00,Priced,S/O
2026-02-25,Fortress Value Acquisition Corp. V (Stock-Only),FVAV,Deutsche Bank Securities,25.0,$10.00,$10.00,$250.00,Priced,S/O
2026-02-25,Mozayyx Acquisition Corp.,MZYX.U,Cantor,26.1,$10.00,$10.00,$261.00,Priced,S/O
2026-02-25,TRG Latin America Acquisition,TRGSU,Santander,20.0,$10.00,$10.00,$200.00,Priced,S/O
2026-02-24,AIGO Holding Ltd.,AIGO,Eddid Securities USA,2.0,$4.00,$6.00,$10.00,Withdrawn,S/O
2026-02-24,Angie Holdings Limited,AGIE,Cathay Securities,2.73,$5.50,$7.50,$18.00,TBA,S/O
2026-02-24,Neutrans,NEUT,Blue Diamond Securities of America/Cathay Securities,3.75,$4.00,$6.00,$19.00,TBA,S/O
2026-02-23,Brookline Capital Acquisition Corp. II,BCACU,"Brookline Capital Markets (A Division of Arcadia Securities, LLC)",10.0,$10.00,$10.00,$100.00,TBA,S/O
2026-02-23,ClearThink 1 Acquisition Corp.,CTAAU,D. Boral Capital (ex-EF Hutton),12.5,$10.00,$10.00,$125.00,Priced,S/O
2026-02-23,Hillhouse Frontier Holdings,HIFI,Cathay Securities,3.75,$4.00,$6.00,$18.75,TBA,S/O
2026-02-21,Starrygazey,MARH,Pacific Century Securities,3.75,$4.00,$5.00,$17.00,TBA,S/O
2026-02-19,Bimergen Energy (Uplisting),BESS,ThinkEquity,3.4,$4.00,$4.00,$13.60,Priced,S/O
2026-02-19,Clear Street Group Inc. (Withdrawn),CLRS,Goldman Sachs/BofA Securities/Morgan Stanley/UBS Investment Bank/Clear Street/BMO Capital Markets/Barclays/RBC Capital Markets/TD Securities/Piper Sandler/CIBC Capital Markets/Regions Securities LLC/BTIG/M&T Securities,13.0,$26.00,$28.00,$351.00,Withdrawn,S/O
2026-02-19,Forefront Tech Holdings Acquisition,FTHAU,BTIG,10.0,$10.00,$10.00,$100.00,Priced,S/O
2026-02-19,Lorenzo Developments Inc.,LCDC,American Trust Investment Services,6.25,$4.00,$6.00,$31.25,TBA,S/O
2026-02-18,Abony Acquisition I Corp.,AACOU,BTIG,20.0,$10.00,$10.00,$200.00,Priced,S/O
2026-02-18,Averin Capital Acquisition Corp.,ACAAU,Deutsche Bank Securities,25.0,$10.00,$10.00,$250.00,Priced,S/O
2026-02-18,Paloma Acquisition Corp. I,PALOU,Jefferies,15.0,$10.00,$10.00,$150.00,Priced,S/O
2026-02-18,SharonAI Holdings (Re-Listing),SHAZ,Lucid Capital Markets,4.17,$30.00,$30.00,$125.10,Priced,S/O
2026-02-17,Armada Acquisition Corp. III,AACIU,Cohen & Company Capital Markets/Northland Capital Markets,22.5,$10.00,$10.00,$225.00,Priced,S/O
2026-02-17,Dynamix Corp. IV,DYNXU,Cohen & Company Capital Markets,17.5,$10.00,$10.00,$175.00,TBA,S/O
2026-02-13,AoChuang Holdings,ANE,D. Boral Capital (ex-EF Hutton),6.0,$4.00,$6.00,$30.00,TBA,S/O
2026-02-13,Brava Acquisition Corp.,BRVAU,Clear Street,7.5,$10.00,$10.00,$75.00,TBA,S/O
2026-02-13,C&K Group Limited,TBA,Blue Diamond Securities of America/Revere Securities,3.75,$4.00,$5.00,$17.00,TBA,S/O
2026-02-13,GreenVector Holdings,GVRT,Revere Securities,3.75,$4.00,$6.00,$19.00,TBA,S/O
2026-02-13,Lemeng Holdings (Withdrawn),LIAI,Prime Number Capital,4.0,$4.00,$6.00,$20.00,Withdrawn,S/O
2026-02-13,Medikra Inc.,MDKR,"Brookline Capital Markets (A Division of Arcadia Securities, LLC)",4.5,$5.00,$6.00,$25.00,TBA,S/O
2026-02-13,Solar Strategy Holdings,SSTR,Kingswood Capital Markets,6.25,$4.00,$4.00,$25.00,TBA,S/O
2026-02-13,TY AM Group,TYAM,D. Boral Capital (ex-EF Hutton),3.75,$4.00,$6.00,$19.00,TBA,S/O
2026-02-13,Zi Yun Dong Fang,YLY,Cathay Securities/Revere Securities,3.0,$4.00,$6.00,$15.00,TBA,S/O
2026-02-12,Beta FinTech Holdings Ltd.,BTFT,Cathay Securities,3.75,$4.00,$6.00,$18.75,TBA,S/O
2026-02-12,"BioVentrix, Inc.",BVXX,The Benchmark Company,0.0,,,$17.00,TBA,S/O
2026-02-12,RF Acquisition Corp. III,RFAMU,EarlyBirdCapital,10.0,$10.00,$10.00,$100.00,Priced,S/O
2026-02-12,Willow Lane Acquisition II,WLIIU,BTIG,12.5,$10.00,$10.00,$125.00,Priced,S/O
2026-02-11,AGI,AGBK,Goldman Sachs/Morgan Stanley/Citigroup/Bradesco BBI/BTG Pactual/Itaú BBA/Santander/SOCIETE GENERALE/XP Investments,20.0,$12.00,$12.00,$240.00,Priced,S/O
2026-02-11,ARKO Petroleum Corp.,APC,UBS Investment Bank/Raymond James/Stifel/Mizuho/Capital One Securities,11.11,$18.00,$18.00,$200.00,Priced,S/O
2026-02-11,D. Boral Acquisition I Corp.,DBCAU,D. Boral Capital (ex-EF Hutton),25.0,$10.00,$10.00,$250.00,Priced,S/O
2026-02-11,Proem Acquisition Corp. I,PAACU,Clear Street,13.0,$10.00,$10.00,$130.00,Priced,S/O
2026-02-11,"SOLV Energy, Inc.",MWH,Jefferies/J.P. Morgan/KeyBanc Capital Markets/TD Cowen/UBS Investment Bank/Baird/Evercore ISI/Guggenheim Securities/Wolfe | Nomura Alliance/CIBC Capital Markets	/Roth Capital Partners,20.5,$25.00,$25.00,$512.50,Priced,S/O
2026-02-11,XFLH Capital Corp.,XFLHU,Maxim Group,10.0,$10.00,$10.00,$100.00,Priced,S/O
2026-02-10,Columbus Circle Acquisition Corp. II,CMII,Cohen & Company Capital Markets/Clear Street,20.0,$10.00,$10.00,$200.00,Priced,S/O
2026-02-10,Evvolutions LeadTech Inc.,EVVO,Network 1 Financial Securities,3.77,$4.00,$4.50,$16.02,TBA,S/O
2026-02-10,Idea Acquisition Corp.,IACOU,Cantor,35.0,$10.00,$10.00,$350.00,Priced,S/O
2026-02-10,TV Channels Network (Re-Filed),TVCN,Craft Capital Management,3.75,$4.00,$4.00,$15.00,TBA,S/O
2026-02-09,Jaguar Uranium Corp.,JAGU,Titan Partners Group,6.25,$4.00,$4.00,$25.00,Priced,S/O
2026-02-09,Spring Valley Acquisition Corp. IV,SVIVU,Cohen & Company Capital Markets/Clear Street,20.0,$10.00,$10.00,$200.00,Priced,S/O
2026-02-06,Amatuhi Holdings,AMTU,Spartan Capital,3.0,$4.00,$6.00,$15.00,Week of,S/O
2026-02-06,BAO Holding Ltd.,BAO,Pacific Century Securities/Revere Securities,3.75,$4.00,$5.00,$16.88,TBA,S/O
2026-02-06,Cambridge Acquisition,CAQU,BTIG,20.0,$10.00,$10.00,$200.00,Priced,S/O
2026-02-06,Feline Culture Holdings Limited,TBA,Kingswood Capital Markets,4.25,$4.00,$4.50,$18.06,TBA,S/O
2026-02-05,AgomAb Therapeutics,AGMB,J.P. Morgan/Morgan Stanley/Leerink Partners/Van Lanschot Kempen,12.5,$16.00,$16.00,$200.00,Priced,S/O
2026-02-05,"Bob’s Discount Furniture, Inc.",BOBS,J.P. Morgan/Morgan Stanley/RBC Capital Markets/UBS Investment Bank/BofA Securities/Evercore ISI/Goldman Sachs,19.45,$17.00,$17.00,$330.65,Priced,S/O
2026-02-05,"Once Upon a Farm, PBC",OFRM,Goldman Sachs/J.P. Morgan/BofA Securities/William Blair/Barclays/Evercore ISI/Deutsche Bank Securities/Oppenheimer & Co./TD Cowen,10.99,$18.00,$18.00,$197.95,Priced,S/O
2026-02-05,"SpyGlass Pharma, Inc.",SGP,Jefferies/Leerink Partners/Citigroup/Stifel,9.38,$16.00,$16.00,$150.00,Priced,S/O
2026-02-04,Apeiron Acquisition Vehicle I,APNU,Berenberg,7.0,$10.00,$10.00,$70.00,TBA,S/O
2026-02-04,Cantor Equity Partners VI (Stock-Only SPAC),CEPS,Cantor,10.0,$10.00,$10.00,$100.00,Priced,S/O
2026-02-04,Colombier Acquisition Corp. III,CLBR U,Roth Capital Partners,26.0,$10.00,$10.00,$260.00,Priced,S/O
2026-02-04,Eikon Therapeutics,EIKN,J.P.Morgan/Morgan Stanley/BofA Securities/Cantor/Mizuho,21.18,$18.00,$18.00,$381.24,Priced,S/O
2026-02-04,"Forgent Power Solutions, Inc.",FPS,Goldman Sachs/Jefferies/Morgan Stanley/J.P. Morgan/BofA Securities/Barclays/TD Cowen/MUFG/Wolfe/Nomura Alliance/KeyBanc Capital Markets/Oppenheimer & Co.,56.0,$27.00,$27.00,$1512.00,Priced,S/O
2026-02-04,Hennessy Capital Investment Corp. VIII,HCICU,Barclays/Cohen & Company Securities,17.5,$10.00,$10.00,$175.00,Priced,S/O
2026-02-03,"Veradermics, Inc.",MANE,Jefferies/Leerink Partners/Citigroup/Cantor,15.08,$17.00,$17.00,$256.36,Priced,S/O
2026-02-02,Iris Acquisition Corp. II,IRABU,Cohen & Company Capital Markets,15.0,$10.00,$10.00,$150.00,Priced,S/O
2026-02-02,MOZAYYX Acquisition Corp.,MZYX,Cantor,25.0,$10.00,$10.00,$250.00,TBA,S/O
2026-02-02,White Pearl Acquisition,WPAC.U,D. Boral Capital (ex-EF Hutton),10.0,$10.00,$10.00,$100.00,Priced,S/O
2026-01-30,VenHub Global Inc. (Direct Listing),VNHB,Revere Securities (Financial Advisor),15.55,$24.00,$24.00,$372.00,Friday,S/O
2026-01-29,"Bounty Minerals, Inc.",BNTY,Raymond James/ Stifel/ Stephens Inc.,0.0,,,$100.00,TBA,S/O
2026-01-29,Grayscale Investments,GRAY,"Morgan Stanley/Jefferies/BofA Securities/Cantor/Wells Fargo Securities/Canaccord Genuity/Piper Sandler/Keefe, Bruyette & Woods/Needham & Co.",0.0,,,$100.00,TBA,S/O
2026-01-29,M Evo Global Acquisition II,MEVOU,Cohen & Company Capital Markets,27.0,$10.00,$10.00,$270.00,Priced,S/O
2026-01-29,Muzero Acquisition,MUZEU,BTIG,17.5,$10.00,$10.00,$175.00,Priced,S/O
2026-01-29,Newbridge Acquisition Ltd.,NBRGU,Kingswood Capital Markets,5.0,$10.00,$10.00,$50.00,Priced,S/O
2026-01-29,PicS N.V. (Picpay Holdings Netherlands B.V.),PICS,Citigroup/BofA Securities/RBC Capital Markets/Mizuho/Wolfe Nomura Alliance/Bradesco BBI/BB Securities Ltd./BTG Pactual/XP Investment Banking,22.86,$19.00,$19.00,$434.28,Priced,S/O
2026-01-28,Ethos Technologies Inc.,LIFE,Goldman Sachs/J.P.Morgan/BofA Securities/Citigroup/Deutsche Bank Securities/Citizens/William Blair/Baird,10.53,$19.00,$19.00,$199.99,Priced,S/O
2026-01-28,K2 Capital Acquisition Corp.,KTWOU,D. Boral Capital (ex-EF Hutton),12.0,$10.00,$10.00,$120.00,Priced,S/O
2026-01-28,Polaryx Therapeutics (Direct Listing),PLYX,Maxim Group (Financial Advisor),0.0,$45.00,$45.00,,Priced,S/O
2026-01-28,Public Policy Holding Co. (NASDAQ Uplisting),PPHC,Oppenheimer & Co./Canaccord Genuity/Texas Capital Securities,4.15,$12.25,$12.25,$50.80,Priced,S/O
2026-01-28,Space Asset Acquisition Corp.,SAAQU,BTIG,20.0,$10.00,$10.00,$200.00,Priced,S/O
2026-01-28,United Acquisition Corp. I,UAC.U,Chardan,10.0,$10.00,$10.00,$100.00,Priced,S/O
2026-01-27,KRAKacquisition Corp.,KRAQU,Santander,30.0,$10.00,$10.00,$300.00,Priced,S/O
2026-01-27,SFIDA X,SFDX,ThinkEquity,1.0,$5.00,$6.00,$5.50,Withdrawn,S/O
2026-01-27,Xsolla SPAC 1,XSLLU,D. Boral Capital (ex-EF Hutton),20.0,$10.00,$10.00,$200.00,Priced,S/O
2026-01-26,Virtuix Holdings (Direct Listing),VTIX,Maxim Group (Financial Advisor),34.21,,,,TBA,S/O
2026-01-26,York Space Systems (Yellowstone),YSS,Goldman Sachs/Jefferies/Wells Fargo Securities/J.P. Morgan/Citigroup/Truist/Baird/Raymond James,18.5,$34.00,$34.00,$629.00,Priced,S/O
2026-01-23,Rank One Computing Corp.,ROC,The Benchmark Company,4.0,$6.00,$6.00,$24.00,Priced,S/O
2026-01-22,Archimedes Tech SPAC Partners III,ARCIU,BTIG,24.0,$10.00,$10.00,$240.00,Priced,S/O
2026-01-22,BitGo Holdings,BTGO,"Goldman Sachs/Citigroup/Deutsche Bank Securities/Mizuho Securities/Wells Fargo Securities/Keefe, Bruyette & Woods (A Stifel Company)/Canaccord Genuity/Cantor",11.82,$18.00,$18.00,$212.76,Priced,S/O
2026-01-22,"EquipmentShare.com, Inc.",EQPT,Goldman Sachs/Wells Fargo Securities/UBS Investment Bank/Citigroup/Guggenheim Securities/Citizens JMP/Truist Securities/Baird/Oppenheimer & Co./KeyBanc Capital Markets,30.5,$24.50,$24.50,$747.25,Priced,S/O
2026-01-22,Helix Acquisition Corp. III (Stock-Only SPAC),HLXC,Leerink Partners/Oppenheimer & Co.,15.0,$10.00,$10.00,$150.00,Priced,S/O
2026-01-21,Aldabra 4 Liquidity Opportunity Vehicle,ALOVU,Cantor,26.1,$10.00,$10.00,$261.00,Priced,S/O
2026-01-21,GigCapital9,GIXXU,D. Boral Capital (ex-EF Hutton),22.0,$10.00,$10.00,$220.00,Priced,S/O
2026-01-20,DT House Ltd.,DTDT,American Trust Investment Services,5.0,$5.00,$5.50,$26.25,TBA,S/O
2026-01-20,HCM IV Acquisition Corp.,HACQU,Cantor,25.0,$10.00,$10.00,$250.00,Priced,S/O
2026-01-20,Mountain Lake Acquisition Corp. II,MLAAU,"BTIG, LLC",31.32,$10.00,$10.00,$313.20,Priced,S/O
2026-01-20,Peace Acquisition Corp.,PECEU,EarlyBirdCapital,6.0,$10.00,$10.00,$60.00,Priced,S/O
2026-01-20,Praetorian Acquisition Corp.,PTORU,Clear Street,22.0,$10.00,$10.00,$220.00,Priced,S/O
2026-01-20,X3 Acquisition Corp. Ltd.,XCBEU,Stifel,20.0,$10.00,$10.00,$200.00,Priced,S/O
2026-01-16,YCS Group Holdings,YCSG,American Trust Investment Services/Prime Number Capital,5.0,$4.00,$5.00,$23.00,TBA,S/O
2026-01-16,Yi Feng Holdings Ltd.,YIFE,Cathay Securities,3.75,$4.00,$6.00,$18.75,TBA,S/O
2026-01-15,FG Imperii Acquisition,FGIIU,ThinkEquity/EarlyBirdCapital,20.0,$10.00,$10.00,$200.00,Priced,S/O
2026-01-15,Infinite Eagle Acquisition,IEAGU,Goldman Sachs,30.0,$10.00,$10.00,$300.00,Priced,S/O
2026-01-15,"Nihon Shintatsu Co., Ltd.",JSTT,Spartan Capital Securities,3.75,$4.00,$6.00,$18.75,TBA,S/O
2026-01-14,Sibo Holding,SIBO,R.F. Lafferty & Co.,3.75,$4.00,$4.00,$15.00,TBA,S/O
2026-01-12,Green Circle Decarbonize Technology Limited,GCDT,RBW Capital Partners (A Division of Dawson James)/Spartan Capital Securities,2.5,$4.00,$4.00,$10.00,Priced,S/O
2026-01-12,OneIM Acquisition,OIMAU,Deutsche Bank Securities,25.0,$10.00,$10.00,$250.00,Priced,S/O
2026-01-08,Atlas Critical Minerals (Uplisting),ATCX,A.G.P. (Alliance Global Partners)/Banco Bradesco BBI,1.2,$8.00,$8.00,$9.60,Priced,S/O
2026-01-08,Lafayette Digital Acquisition Corp. I,ZKPU,BTIG,25.0,$10.00,$10.00,$250.00,Priced,S/O
2026-01-07,Aktis Oncology,AKTS,J.P.Morgan/BofA Securities/Leerink Partners/TD Cowen,17.65,$18.00,$18.00,$317.70,Priced,S/O
2026-01-07,Bleichroeder Acquisition II,BBCQU,Cohen & Company Capital Markets,25.0,$10.00,$10.00,$250.00,Priced,S/O
2026-01-06,"Altech Digital Co., Ltd.",ALD,Pacific Century Securities/Revere Securities,1.5,$4.00,$4.00,$6.00,Withdrawn,S/O
2026-01-06,Soren Acquisition Corp.,SORNU,BTIG,22.0,$10.00,$10.00,$220.00,Priced,S/O
2026-01-05,Art Technology Acquisition Corp.,ARTCU,Clear Street,22.0,$10.00,$10.00,$220.00,Priced,S/O
2026-01-05,Black Spade Acquisition III Co.,BIIIU,Cohen & Company Capital Markets/Chardan,15.0,$10.00,$10.00,$150.00,Priced,S/O
2026-01-05,Buda Juice,BUDA,MDB Capital Group,2.7,$7.50,$7.50,$20.03,Priced,S/O
2025-12-30,Optimal AI,TBA,R.F. Lafferty & Co.,2.5,$4.00,$5.00,$11.25,TBA,S/O
2025-12-29,Cafe Deco Group Ltd.,TBA,Kingswood Capital Markets,1.8,$6.00,$8.00,$12.60,TBA,S/O
2025-12-29,Riverstone Ltd.,DNJF,Joseph Gunnar,2.5,$5.00,$7.00,$15.00,TBA,S/O
2025-12-23,AOJE Inc.,AOJE,Revere Securities,0.0,,,$30.00,TBA,S/O
